0, 0.007948295, 0.0012290764, 0.0029530092, 0.005809171, 0.009462609, 0.0014361427, 0.0071905702
1, 0.006959787, 0.007229137, 0.008732594, 0.0061163493, 0.0089078965, 0.005548404, 0.008231833
2, 0.0052786293, 0.005858827, 0.0058784685, 0.0011017653, 0.004673013, 4.248825E-5, 0.0065714056
3, 0.0066712224, 0.001739695, 0.0038222603, 0.0024404668, 0.0032855968, 0.0010012579, 0.008789939
4, 0.002164812, 0.006292115, 0.0041926075, 0.0064234594, 4.9378944E-4, 0.006818387, 0.004471007
5, 0.002198567, 0.0052303136, 0.006853572, 0.0070929816, 0.003922569, 0.006052978, 0.0045496947
6, 0.006806213, 0.0054977476, 0.0033791058, 0.008631369, 0.009128346, 0.009323957, 6.7603315E-4
7, 0.002335364, 0.008670984, 0.004114413, 0.0028954828, 0.005397171, 0.0027159522, 2.5586693E-5
8, 0.0070359805, 0.0072599235, 0.0023622694, 0.009691623, 0.008230828, 0.0059017306, 0.0067360494
9, 0.0020056132, 0.0062142373, 0.004460672, 0.007991935, 0.0053045233, 0.0025358093, 0.0021824362
10, 0.006133452, 0.0079915365, 0.008473596, 0.0071237544, 0.003041022, 0.0075690076, 0.0072386027
11, 0.005515504, 0.004520199, 0.003557197, 0.0017686294, 0.0067225564, 0.0076690116, 0.005838387
12, 0.0011769402, 0.0033331418, 0.008412131, 0.0075929514, 0.004751342, 0.0030687132, 6.609148E-4
13, 0.0011833919, 0.0022918058, 0.0029259885, 0.0042321887, 0.0060943207, 0.003529866, 0.006246058
14, 0.0033949835, 3.5080244E-4, 0.0073905936, 2.5114528E-4, 0.0017132426, 7.1444054E-4, 0.0039380286
15, 0.0049978136, 0.001713867, 0.0023960373, 0.007987531, 0.0046661105, 0.00983328, 0.0060256105
16, 0.0035735883, 0.008637349, 0.008082025, 0.008185002, 0.0027291893, 0.0029089297, 0.003915746
17, 0.0019352696, 3.6296863E-4, 0.0020528014, 0.008912207, 0.005460509, 0.009412885, 0.008144873
18, 0.005027863, 2.0169544E-4, 0.0069102864, 0.0058758873, 0.0044438066, 0.0046685943, 0.0021057935
19, 0.0023999582, 0.0053097326, 0.0064947545, 0.0023884994, 0.0063852104, 0.0010559204, 0.0032400228
20, 0.0013725817, 0.0032016172, 0.005367037, 0.0019470041, 0.0062304777, 0.0022143766, 0.008397897
21, 0.008522317, 0.008119373, 0.0077468404, 0.0023601544, 6.404661E-4, 3.7781632E-4, 0.0074352333
22, 0.0062202145, 0.0020576022, 0.004061859, 4.180905E-4, 0.009922495, 0.0019743794, 0.009345198
23, 0.0030865439, 0.008288482, 4.015979E-4, 0.0043253675, 0.0019673107, 0.0035408726, 0.009359249
24, 0.009858121, 0.001718405, 0.0032633885, 1.7905126E-4, 1.847028E-4, 0.0011883363, 0.007530729
25, 0.009182501, 0.0043218043, 0.0020227286, 0.0049293973, 0.0075709377, 0.0024515677, 0.0023980206
26, 0.0022390133, 0.006491053, 0.00487908, 0.0031200936, 0.0066550206, 0.004928738, 0.008517383
27, 0.0045463904, 0.002607542, 0.0063361228, 0.007315091, 5.732817E-4, 0.007467463, 0.009711097
28, 0.008559311, 2.761425E-4, 0.0017296391, 0.0022255736, 0.006566598, 0.008697811, 0.009624465
29, 0.0034381903, 0.008917305, 0.005751791, 0.005532877, 0.0056291213, 0.008093718, 0.0062397798
30, 6.614745E-5, 8.5909787E-4, 0.0031499867, 0.004578786, 0.0072207307, 0.0029817093, 0.0018719
31, 0.0049913307, 6.2966946E-4, 0.0020275046, 0.0037771724, 0.0016329021, 0.0026059528, 0.00913036
32, 0.008261952, 0.0034140518, 0.0044095274, 0.0024810403, 2.168564E-4, 0.0051202266, 0.009968485
33, 0.00866983, 0.0075159306, 0.009840621, 0.008146287, 0.009219566, 9.244626E-4, 0.007688046
34, 5.707189E-4, 0.009112361, 0.0071767154, 0.0023250158, 0.0030265728, 0.00267773, 2.421836E-4
35, 0.009906949, 0.008462919, 0.0023368564, 0.004129062, 0.004711589, 0.008777124, 0.0073870867
36, 0.0029662116, 0.0019444565, 7.116176E-4, 0.0032627906, 5.599614E-4, 9.933322E-4, 0.0084357355
37, 0.0065231174, 0.0021396787, 0.0017504974, 0.0016837948, 0.0071941544, 0.0055861166, 0.002529637
38, 0.0036818814, 0.008032443, 0.008079117, 5.750327E-4, 0.007519661, 0.009778765, 0.0068063415
39, 0.005193864, 0.0031098553, 0.0025355504, 0.009142255, 0.009138146, 0.009426848, 0.006028239
40, 0.008536702, 0.006021034, 0.008327218, 0.005700344, 0.0072449516, 2.7291733E-4, 0.006928822
41, 0.007343954, 0.0059862044, 0.0014259554, 0.0052613798, 2.8183917E-4, 0.003635098, 0.0063613774
42, 0.004700337, 0.007994294, 0.0071308557, 0.0015620964, 5.571243E-4, 0.005523297, 0.002931283
43, 0.0023838785, 0.009122733, 0.004988512, 0.006543894, 0.007891519, 0.0054478887, 0.0041141333
44, 0.0059340447, 0.00790217, 0.0031918986, 0.007792502, 0.007940008, 0.0035361825, 0.0019836077
45, 0.009399892, 0.0042175166, 0.0037965088, 9.117026E-4, 0.0068318103, 0.0046913675, 0.008480935
46, 0.008997941, 0.008039613, 0.0020092812, 0.002077107, 0.004805718, 0.0022271865, 7.325278E-5
47, 0.004198501, 0.0076976917, 0.005805899, 0.0033662447, 0.009590236, 0.0026800395, 0.0067079896
48, 0.001497125, 0.004766771, 0.009257228, 0.006722991, 0.005154345, 0.00893929, 0.0022700143
49, 0.009148768, 0.0054889284, 0.0040487293, 0.0093007265, 0.008238176, 0.008839906, 0.002441143
50, 0.0049036955, 0.007674318, 0.0026704457, 0.0010052988, 0.0066550397, 0.0076218257, 0.0066004475
51, 0.0074380715, 0.0018148334, 0.003778534, 0.0045015193, 0.0077114454, 0.0062560127, 0.0072913896
52, 0.009762766, 0.0037856079, 0.009238213, 0.0014023698, 0.006040946, 0.007145838, 0.008591047
53, 0.00925465, 7.610219E-5, 0.00683659, 9.201571E-4, 0.007416216, 0.0014838647, 3.2437558E-4
54, 5.6073745E-4, 0.0013675513, 0.0068281987, 0.0017417482, 0.009176994, 0.0024520096, 0.0017334425
55, 0.0048479075, 0.0051423893, 6.0191465E-4, 0.0053120703, 0.00738713, 0.008134322, 0.0035303864
56, 0.005764678, 0.009434446, 0.009738223, 0.0010183597, 0.004651291, 7.8868127E-4, 0.00527987
57, 0.0024281922, 3.813085E-5, 0.0015061875, 0.005591086, 0.0066397325, 0.005491616, 0.005264287
58, 0.009962757, 0.0062316605, 0.0027213853, 0.0074016578, 0.0031504869, 0.0019203625, 5.667526E-4
59, 0.008203598, 0.009971998, 0.009020573, 0.0019760758, 0.0072832936, 7.717489E-4, 0.0050064526
60, 0.0036460785, 0.0067559434, 0.009827022, 0.0061287167, 6.826699E-5, 0.009310766, 0.006631117
61, 0.0014829262, 0.004872144, 0.0022566481, 0.006913059, 0.004925938, 0.007560016, 1.5036938E-4
62, 0.006239612, 0.00880203, 0.0029957483, 0.006712065, 0.004094171, 0.008567127, 0.004339922
63, 0.0013907759, 4.3845677E-4, 0.0040890197, 0.007516412, 0.007163638, 0.00993677, 0.0016534306
64, 0.006750479, 0.0039354824, 0.0012588773, 5.2022276E-4, 0.0062360642, 0.0062513016, 1.764186E-4
65, 0.009251, 0.002570039, 0.0049422476, 0.005529103, 0.009968812, 0.0062337397, 0.009796539
66, 0.006560718, 0.0032126103, 0.008107208, 0.004379842, 0.008611365, 0.0021135865, 0.008769119
67, 0.0047254036, 0.0017011273, 0.0022474348, 0.004165477, 7.724195E-4, 0.0031517183, 0.002706078
68, 0.0011227098, 0.0031518147, 0.0010664889, 0.0046843104, 1.3590559E-4, 0.008201823, 2.2548612E-4
69, 0.006191296, 8.80481E-4, 9.414525E-4, 0.0057511, 0.0053737913, 0.007975669, 0.009138136
70, 0.002761154, 3.7742293E-4, 6.707792E-4, 0.0015765498, 0.002150127, 6.7431206E-4, 3.3028348E-4
71, 1.6880195E-4, 0.0036255156, 0.0033497703, 0.0038613183, 0.008641901, 0.007175187, 0.007967769
72, 0.009557323, 1.9659812E-4, 0.0032528853, 0.005324314, 0.0042240676, 0.0027524037, 1.4289664E-4
73, 0.008649832, 0.006909431, 0.0031768137, 0.0042011915, 6.361119E-4, 0.00507585, 0.0012424303
74, 0.0049692104, 0.006040302, 0.0036344528, 0.009963912, 0.0025177621, 0.0075579267, 0.0059024566
75, 0.0014373674, 0.008802358, 0.0021588225, 0.008250493, 0.006338009, 0.008297616, 0.0061443592
76, 0.006974099, 8.2760985E-4, 0.005727193, 0.009811263, 0.006753707, 0.006781468, 3.1706732E-4
77, 0.006796805, 0.004960003, 0.009965337, 0.0066737593, 0.008932081, 0.005016657, 0.006075935
78, 0.0021254702, 0.0047445535, 0.005049962, 0.006404383, 0.009162905, 0.008627982, 0.005135017
79, 0.003290116, 0.009477892, 0.008137331, 0.0075906627, 5.035013E-4, 0.0030217334, 0.008868178
80, 0.009980463, 0.005228619, 0.0014915515, 0.009944613, 0.009744589, 0.0064133555, 7.0172275E-4
81, 0.008266576, 0.002717556, 0.008912162, 4.0882107E-4, 0.0063570086, 0.00517933, 0.004067534
82, 0.0033323164, 0.0069011888, 5.4241426E-4, 0.005159473, 0.0073496085, 0.006885028, 0.0072950814
83, 4.979011E-4, 0.006142799, 0.005616094, 0.0044010133, 0.007841178, 0.003935932, 0.0038505606
84, 0.0039981855, 0.0012946099, 0.009385273, 0.0057512475, 0.008944904, 0.0058760066, 0.0021714997
85, 0.0014663563, 0.0045284913, 0.0055310745, 0.0033915439, 0.00574547, 0.009482176, 0.007539616
86, 0.007459106, 0.007198837, 0.0013483623, 0.009974224, 0.008896734, 0.0035579072, 0.0051814644
87, 0.00915635, 0.0021386594, 6.095441E-4, 0.0026011474, 9.0034486E-4, 0.0062624235, 0.006353293
88, 2.8682928E-4, 0.002744246, 0.00942865, 0.007370536, 0.0031469166, 0.0043368284, 0.0097321505
89, 0.0013963132, 0.007601308, 0.009683598, 1.5387767E-4, 0.00864905, 0.0046832827, 0.008050134
90, 0.0053520654, 0.004600388, 9.969603E-4, 0.009979396, 0.0071422365, 0.0085567385, 0.007959118
91, 0.0011002801, 0.0036895585, 0.005676191, 0.0062092054, 0.009187953, 0.004673393, 0.0048587895
92, 0.0025889794, 0.009282174, 9.826795E-4, 0.0013252064, 0.0016732863, 0.007578014, 0.0028621461
93, 6.382533E-4, 0.002476051, 0.007274099, 0.0048531503, 4.2364583E-4, 0.0036606528, 0.008596695
94, 0.009359296, 0.0071108793, 0.0073514245, 8.13667E-4, 0.0032157914, 0.0076420335, 0.002473086
95, 0.0062105306, 0.0032528343, 2.8577537E-4, 0.0034375223, 0.004721544, 0.00751717, 0.0044457735
96, 0.008952372, 0.0031919575, 0.008552251, 0.00666721, 0.008743479, 0.005093273, 0.0039362875
97, 0.008922007, 0.003063346, 0.004921549, 0.0071388017, 0.0056928587, 0.0010002924, 0.0064794957
98, 0.008680112, 0.008378085, 0.008808106, 0.005776309, 0.0035645172, 0.00910382, 0.00874356
99, 0.0073748943, 0.0060067736, 0.0011569475, 0.0022292226, 0.007674334, 0.006582782, 0.009941699
100, 0.008551608, 2.6993113, 1.0923507E-4, 0.0066147447, 0.0017597416, 0.0028461623, 6.2257657
101, 0.006368086, 2.6653633, 0.0015492833, 0.004492244, 0.0047059986, 0.0026778115, 6.192154
102, 0.0062842392, 2.5386252, 0.003968056, 0.0011665557, 0.00497539, 0.009121617, 6.291134
103, 0.008772981, 2.5604208, 0.0049687265, 0.0019217198, 2.3345722E-4, 0.004955066, 6.249866
104, 0.0060372334, 2.6737866, 0.006298178, 0.002361032, 0.007319723, 0.007525881, 6.284726
105, 0.008132132, 2.5337493, 0.002992313, 0.006336182, 0.005298614, 0.0065117166, 6.178554
106, 0.0038202733, 2.5282643, 0.0030510314, 0.0052490295, 0.0030742695, 0.0022905532, 6.1222577
107, 6.049345E-7, 2.667302, 0.004725953, 0.0028031815, 0.0052006184, 0.0033738571, 6.183903
108, 0.007082525, 2.6764307, 0.0058111763, 0.0077374, 0.003967879, 0.009669615, 6.28101
109, 0.0017411433, 2.5695114, 0.0038174381, 2.5854039E-4, 2.9047247E-4, 0.0033966221, 6.108878
110, 0.005044072, 2.6127083, 0.006714497, 0.0015053401, 0.00345528, 0.0020508573, 6.1690717
111, 0.006332432, 2.6573887, 8.734003E-4, 8.455853E-4, 2.1008762E-4, 0.0068095974, 6.2804933
112, 0.008378416, 2.6629088, 0.0025798131, 0.0063526942, 0.0043403907, 4.9121404E-4, 6.2910647
113, 0.0029134122, 2.5729022, 0.004584615, 0.00918249, 0.006220328, 0.0010922081, 6.180592
114, 0.005846624, 2.6922295, 0.0037702215, 0.003990143, 0.0012056275, 0.004947443, 6.154133
115, 0.009142394, 2.5908875, 0.009005166, 0.008853073, 0.008722173, 0.007704029, 6.2122936
116, 0.0033445652, 2.685417, 0.004230879, 0.0067079654, 0.0014383938, 6.641849E-4, 6.15682
117, 0.0010935398, 2.5380876, 0.0027487366, 2.3787229E-4, 0.006318795, 0.0025488134, 6.253397
118, 0.009947251, 2.640617, 0.0035586643, 0.005705666, 0.004639752, 0.0027732113, 6.2734494
119, 1.595074E-4, 2.5847397, 0.0077054068, 0.0076568965, 0.0051710294, 4.9846934E-4, 6.1352015
120, 0.0012796466, 2.6335397, 0.008488913, 0.0055998582, 0.004281902, 0.00865269, 6.2106504
121, 0.0023108888, 2.5220382, 0.0013091885, 0.0014506602, 0.008560075, 0.009393143, 6.159262
122, 0.0037418238, 2.6924858, 0.0014464342, 0.009941902, 0.0025430515, 0.0077141947, 6.209131
123, 0.0088324975, 2.6721485, 0.0026834588, 0.0018183086, 0.003803843, 0.003683503, 6.105631
124, 0.0025665362, 2.6628501, 0.0048824446, 0.0058780652, 0.007151883, 0.0014674459, 6.2968903
125, 0.0042842496, 2.5541, 0.0011602417, 0.001165938, 0.008510264, 0.00827764, 6.1247764
126, 0.0016570081, 2.632942, 0.007054653, 0.009500383, 0.0011492313, 0.0076165847, 6.289449
127, 0.0036097988, 2.5514066, 0.0069307974, 0.0035683545, 0.008844142, 6.52731E-4, 6.112931
128, 0.0058781165, 2.6079173, 0.0032221354, 0.0013116712, 0.004020521, 0.0019441122, 6.1637077
129, 0.0069474666, 2.5888093, 8.785511E-4, 0.0073561724, 0.006504382, 0.0033146509, 6.2089834
130, 0.0046603796, 2.6375399, 0.0044061653, 0.009627639, 0.0074366746, 0.0014351605, 6.1057405
131, 0.0054122084, 2.5598946, 0.0011292913, 0.0064185774, 0.0076451926, 0.009129567, 6.222789
132, 0.0050970353, 2.6742346, 0.00786784, 0.00894616, 0.005599785, 0.003799977, 6.215757
133, 7.6022744E-4, 2.578936, 0.0014047292, 0.0096404115, 0.00943628, 0.001771596, 6.2030153
134, 0.009312581, 2.5239384, 0.0011970918, 0.007330161, 0.009128045, 0.008799578, 6.2278476
135, 0.004983694, 2.6241574, 0.003979617, 0.0060192365, 0.008470141, 8.598939E-4, 6.1112328
136, 0.0038677969, 2.5826793, 0.007787964, 0.007897314, 7.059937E-4, 0.008820429, 6.215862
137, 0.005295154, 2.5514085, 0.0027341694, 0.0059513603, 0.009134952, 0.002595929, 6.1122656
138, 0.002921516, 2.671389, 8.5331034E-4, 0.0025258812, 0.00901367, 0.0024494359, 6.1732473
139, 0.0051515284, 2.5832617, 0.008495685, 4.217182E-4, 4.4375026E-4, 0.008624707, 6.283891
140, 0.004342177, 0.0032529861, 0.006838275, 0.003030181, 0.0063431417, 0.009559936, 0.007866671
141, 0.0016568108, 0.0031113909, 0.0053279917, 0.008336105, 0.0019278182, 0.008168752, 6.5577746E-4
142, 0.0019699016, 0.003187165, 0.0059250314, 0.005207895, 0.0018930625, 0.008040983, 0.0027405703
143, 0.004310156, 0.003807085, 0.0076253545, 0.0049193962, 0.005066306, 0.0064257244, 0.007285731
144, 0.003759, 0.008386424, 0.006548712, 0.002410759, 0.0020503511, 0.0059129177, 0.0061992705
145, 0.004290174, 0.0047518583, 4.8819868E-4, 0.008362603, 0.0075559253, 0.00895353, 0.0050288574
146, 0.0060363472, 0.0040176124, 0.004702702, 0.0074543455, 0.0065403185, 0.0025178005, 0.008780246
147, 0.008663876, 0.009331716, 8.0969837E-4, 0.008096272, 0.0064634583, 9.3324773E-4, 0.003399167
148, 0.008016917, 8.1569405E-4, 0.0050055054, 0.008794964, 0.0036388598, 0.004818145, 0.00908122
149, 6.755857E-4, 0.008795832, 0.0014118114, 0.002027869, 1.08017244E-4, 0.008411418, 0.00797944
150, 0.0079164235, 1.431696E-4, 0.004705058, 0.009714097, 0.00264787, 0.009864713, 0.0067132213
151, 0.007921646, 0.009425451, 0.0022824905, 0.0056053046, 0.0012664658, 0.007959401, 0.0093386285
152, 0.0053538885, 0.006377935, 1.522986E-4, 0.0077339397, 0.00946156, 0.009205964, 0.0019369532
153, 0.0012841354, 0.009651587, 4.6986785E-5, 0.006925109, 0.009079848, 0.0016973141, 0.0032575708
154, 0.0025740433, 0.0038513963, 0.0068952213, 0.007331023, 0.0036894884, 0.0016286845, 0.005079169
155, 0.0022330151, 0.001257121, 0.0020385918, 0.006528426, 0.008675511, 0.0068312003, 0.008396639
156, 0.0056396644, 0.008353954, 0.004007755, 0.008126691, 0.008813172, 0.0050808727, 0.008871053
157, 0.0069819074, 0.0026461207, 0.0042197895, 7.259218E-4, 0.0050420794, 0.0062308013, 0.0018564938
158, 0.0029147929, 0.008526991, 0.0031233157, 0.005740455, 0.0010672068, 0.009092351, 0.004378298
159, 0.0071873656, 0.0027408104, 0.0014643179, 0.003937806, 0.006854481, 0.008086724, 0.001020592
160, 0.0016176143, 0.007583656, 0.005908483, 0.0052405004, 0.006951707, 0.0043526525, 0.0032825784
161, 0.006823445, 0.009235857, 0.004783526, 0.009769957, 0.001714551, 0.0052537434, 0.0036275669
162, 0.009171669, 0.0022782942, 0.006374155, 0.0011795104, 0.0027681782, 0.004425351, 9.7538397E-4
163, 0.008669408, 0.008030663, 0.0076248553, 0.0064830137, 0.0033387663, 0.005904005, 0.008423703
164, 0.0076998677, 0.0021282556, 0.007934934, 0.0013465091, 0.00456197, 0.005687509, 0.0017551847
165, 0.005864261, 0.0029719446, 0.0037632203, 0.009728292, 0.00449667, 0.0069413646, 0.008929945
166, 9.3003374E-4, 0.0050526746, 0.008916129, 0.008098749, 0.0010563101, 0.009515516, 0.007864038
167, 2.720091E-4, 0.008338616, 0.0031432319, 0.0014712956, 0.0046083876, 0.0060960627, 0.0099823885
168, 0.009624771, 0.005020234, 0.004164246, 0.0051823347, 0.0012494086, 0.006246317, 0.0021150892
169, 2.4916668E-4, 0.005525265, 0.0016260442, 0.0069181104, 0.0046931133, 0.0015262207, 0.004646993
170, 0.0064923884, 0.0063999426, 0.0074025043, 0.0047458033, 0.008459845, 0.0034964855, 0.0013717375
171, 0.0028131763, 3.342686E-4, 0.0024823023, 0.001988281, 0.0033869178, 0.0033668564, 9.639832E-4
172, 0.0044282624, 0.00861269, 0.007317853, 0.008455521, 0.0028577116, 0.0037103146, 0.007535218
173, 0.005397651, 0.0063438416, 0.004904194, 0.008895063, 0.0088009965, 0.0072245616, 0.008559601
174, 0.0033949404, 0.0027323351, 0.0063689146, 0.0046123103, 0.009489884, 0.0032402186, 0.009341179
175, 0.008287227, 0.0016224377, 2.5567025E-4, 0.0011239869, 0.0015723958, 0.007821732, 0.003505603
176, 0.004760855, 0.009947948, 0.001732998, 0.005541081, 0.001046132, 4.6528046E-4, 0.0029877329
177, 0.0026094876, 0.0022204237, 0.0044299206, 0.00643607, 0.003289108, 0.0025221438, 0.0016622888
178, 0.0064367196, 0.0055566155, 0.0024009184, 0.0035937207, 0.0071361824, 0.005272369, 0.0012161444
179, 0.009300847, 0.0034677729, 0.0029454075, 0.0053240852, 0.0019896226, 4.6230105E-4, 0.0010794745
180, 0.004599462, 0.0034109969, 3.861047E-4, 0.0014033448, 6.4257794E-4, 2.2342565E-4, 0.008208444
181, 0.009853205, 0.0041905926, 0.009413122, 0.0059491056, 0.0073017664, 0.0075816396, 0.009541159
182, 0.005568369, 0.0057182596, 5.130581E-4, 8.072089E-4, 0.008235365, 0.0026954035, 0.0037900894
183, 0.0097029675, 0.0050471253, 0.0020938986, 0.0062789693, 0.003373937, 5.69481E-4, 0.004931952
184, 0.0048584184, 0.004716504, 0.0059323166, 0.00258678, 0.005806115, 0.0017079373, 0.0026354583
185, 0.0038770065, 0.008761818, 0.0035001133, 0.0017078578, 0.0086593125, 0.0011763766, 0.0014035045
186, 0.005411532, 0.0031996588, 0.0019859436, 0.005046157, 2.930506E-4, 0.0067688357, 0.0081432955
187, 0.002713093, 0.0010592033, 0.004664082, 0.00659323, 1.5476343E-4, 0.0044897897, 1.7292939E-4
188, 0.007296594, 0.003998903, 0.0013993178, 0.0068724058, 0.009987576, 0.0043083215, 0.0025207144
189, 0.0030961835, 0.008491468, 0.0057978695, 0.0011079888, 0.0024041976, 0.0016351951, 0.008757045
190, 0.0010411087, 0.0074537247, 0.009050461, 0.008820366, 0.0042651836, 0.009797866, 0.0034994716
191, 0.009385897, 0.005507375, 0.0048268195, 0.008745741, 0.0017029409, 0.0053887838, 0.009319293
192, 0.0034476009, 0.005433209, 0.005284886, 0.008885863, 0.007069571, 0.0068353866, 0.00858693
193, 0.003963012, 0.0033868584, 0.0026312901, 0.0033780232, 0.0059560747, 8.00817E-4, 0.0050824713
194, 9.6146634E-4, 0.009631236, 0.0063882843, 0.007839348, 0.0031652316, 0.0039211963, 0.0023752754
195, 0.0027206312, 0.008895296, 9.360679E-4, 0.0095556155, 0.004739034, 0.0070218802, 0.0021605256
196, 0.0020676528, 0.00640994, 0.00835646, 0.0015701769, 0.001897268, 0.0026629183, 0.0042137615
197, 0.0077145793, 0.009493004, 0.0045216726, 0.002851755, 6.9128093E-4, 0.008959176, 0.0031262178
198, 0.007944026, 0.0053747133, 0.0024354353, 0.005641773, 0.0051626903, 0.009265727, 0.008476319
199, 0.0011320787, 0.0039363774, 0.001891999, 0.0035118975, 0.0075705303, 0.0014966215, 0.0028164997
200, 3.0146365, 8.207337E-4, 0.005437332, 0.007000679, 0.0076788687, 0.002638794, 0.009185842
201, 3.0165339, 0.0043638074, 0.007532843, 0.0020203588, 0.0064515113, 0.0060897497, 0.0076610213
202, 2.927179, 0.0051035685, 0.0049307486, 8.573327E-4, 0.002074712, 0.004750309, 0.0043107755
203, 2.9371707, 0.0061769425, 0.008469142, 0.007904893, 0.0057340423, 0.0013617679, 0.0077969977
204, 3.0416803, 0.008481933, 0.004887882, 0.0045215324, 0.0054398244, 0.0011814949, 0.0025216804
205, 2.9263735, 8.8000845E-4, 0.008727051, 0.0071312455, 0.003113475, 6.1700965E-4, 0.008720101
206, 2.9574163, 0.007904725, 0.005043624, 0.008307993, 0.009826462, 0.005572655, 0.00944681
207, 2.9496834, 6.6922925E-4, 0.007501099, 7.1467453E-4, 0.0054643224, 1.5743788E-4, 0.0027493928
208, 3.0758436, 0.0061316267, 0.0013516454, 0.009622729, 0.006857371, 9.486728E-4, 0.009826223
209, 3.095002, 0.0010822826, 0.0020059801, 8.7010914E-5, 0.001915749, 0.0011106749, 0.0034064339
210, 3.0597029, 6.2004743, 0.00274558, 0.0048138076, 5.537632, 0.0031029987, 9.003108
211, 2.9932358, 6.205671, 6.5321066E-5, 0.008667313, 5.5803, 0.002796839, 8.947487
212, 3.081457, 6.240167, 0.0036347804, 0.0033534144, 5.4239635, 0.0073726284, 9.079758
213, 3.0257885, 6.2601666, 0.0030828796, 0.004821667, 5.4600396, 0.009087551, 8.92146
214, 2.9630203, 6.2342157, 0.0028576604, 0.006164163, 5.4287705, 0.0055350177, 9.055043
215, 2.9042842, 6.322212, 0.0090008965, 0.0077620232, 5.4023247, 0.007823961, 9.08814
216, 2.947601, 6.2802835, 0.009323868, 0.009381809, 5.4224157, 0.006203273, 9.007676
217, 3.0316474, 6.2646384, 7.4008125E-4, 0.0041926703, 5.5833054, 0.002210296, 8.969874
218, 2.9451516, 6.383391, 0.0064108516, 0.0032485537, 5.4268937, 0.0012089973, 8.963319
219, 2.9205651, 6.368395, 0.006219246, 0.0019024505, 5.5315585, 0.007702934, 8.949451
220, 2.9282126, 6.257287, 9.207873E-4, 0.0040639965, 5.4815974, 0.004982331, 9.054444
221, 3.0047548, 6.351272, 0.005871818, 0.004726083, 5.534154, 0.006758537, 9.002435
222, 2.9133394, 6.256896, 0.005599227, 0.0028116452, 5.5596347, 0.001024168, 9.0149355
223, 2.920484, 6.319394, 0.0063320836, 0.007032912, 5.538372, 8.435779E-4, 9.084099
224, 2.9989095, 6.2427073, 0.004884743, 0.0040732427, 5.5234394, 0.0030932622, 8.903391
225, 3.041022, 6.2274756, 9.5500545E-5, 0.0012885395, 5.4798365, 0.006265358, 8.921239
226, 3.0126634, 6.3404455, 0.00268562, 0.0017056282, 5.525717, 0.0017966062, 9.0753565
227, 3.036489, 6.2739644, 1.229422E-4, 0.008385505, 5.4104104, 5.4003296E-5, 8.980035
228, 3.0871556, 6.3176427, 0.0050203516, 0.00626853, 5.5263524, 0.004689573, 9.047862
229, 2.9177942, 6.2088146, 0.0019352882, 0.0019335202, 5.5673294, 0.009667224, 8.936497
230, 3.0794053, 6.369323, 0.0037372175, 0.002858549, 5.449454, 0.008796026, 9.055128
231, 2.958575, 6.337915, 0.009328032, 0.007086536, 5.5868855, 0.0065349448, 9.077968
232, 3.0989904, 6.2202463, 0.005137009, 0.005545386, 5.504374, 0.00439989, 8.932986
233, 3.0164046, 6.2528896, 7.4000994E-4, 0.0047807493, 5.430307, 0.0072080195, 9.064881
234, 3.0388925, 6.208818, 0.007023515, 0.0064605023, 5.5632696, 0.0030092585, 9.008212
235, 3.077852, 6.272586, 0.003069137, 0.009450844, 5.5557504, 0.006391846, 8.925084
236, 2.9133992, 6.3313227, 0.002828615, 0.008414067, 5.563905, 0.007241384, 9.039578
237, 3.005634, 6.2679806, 0.0065931794, 0.0038363782, 5.478524, 0.005667922, 9.021853
238, 2.910793, 6.3737726, 0.0033016861, 0.0010902905, 5.5941906, 0.0069301655, 8.958123
239, 3.0851464, 6.3612976, 0.006095714, 0.0078101275, 5.542497, 0.007939529, 8.906101
240, 3.0444994, 7.492284E-4, 0.006584025, 0.0029896135, 0.007166609, 0.0016438196, 0.0076592946
241, 3.0577836, 0.005493149, 0.008506066, 0.009147931, 0.0023753317, 0.0062554516, 0.004888039
242, 3.029558, 0.009329017, 0.0010444679, 0.0066633406, 0.0050248546, 0.0018651726, 0.0060018403
243, 2.9358993, 7.5812533E-4, 0.009745325, 0.0056765005, 0.0055985157, 0.0028106233, 0.005233608
244, 3.0820749, 0.0023506319, 0.0022374613, 0.009955235, 0.009983543, 0.007894715, 0.006365834
245, 2.955985, 0.009474547, 0.0031554739, 0.008611826, 0.00985467, 0.008706076, 0.0054010083
246, 3.0136833, 0.008955895, 0.003933267, 0.0041773845, 0.006599914, 0.009870586, 0.003971393
247, 3.02016, 0.00569243, 0.008220958, 0.0024350537, 0.0037749165, 0.002052758, 0.0028117548
248, 2.9125836, 0.001288728, 0.0020044176, 0.003874938, 0.004064907, 0.003661816, 0.009597416
249, 2.9695358, 0.007007557, 0.0023360911, 0.004112613, 0.0030089016, 0.0037733451, 0.0068495735
250, 2.9246907, 0.008034059, 6.442481E-4, 0.006265605, 0.0027993275, 8.94429, 0.0047048703
251, 2.935265, 0.0031577728, 0.0054107704, 0.0035892914, 0.0025553114, 8.94149, 0.0038506684
252, 3.0956225, 0.009509928, 2.2433438E-5, 0.009983268, 0.0036984954, 9.09651, 0.007456987
253, 3.0234656, 0.0016248941, 0.009142977, 0.0034718788, 0.0016671189, 8.980703, 0.009496098
254, 2.9452045, 0.0034301172, 0.008097758, 0.0075376565, 0.002878782, 9.03463, 0.0034743731
255, 3.0488305, 0.0065706046, 0.0010402377, 0.0018508841, 0.006403148, 8.99439, 0.0015157918
256, 3.0249376, 0.006290729, 0.0024274387, 0.008269486, 0.0040050917, 8.969138, 0.009919098
257, 3.069195, 0.0054262173, 6.8295136E-4, 0.001921142, 9.100092E-4, 8.980987, 8.235869E-4
258, 2.9752278, 0.007368304, 0.008921512, 0.0045971703, 0.004867159, 9.046216, 0.009462835
259, 3.0609734, 0.0044632102, 0.009448625, 0.002070258, 1.7238535E-4, 9.050516, 0.0010989191
260, 2.811497E-4, 0.0013013383, 0.0075451983, 0.0043004625, 0.009560822, 9.096565, 0.00987766
261, 0.0014691628, 0.004492815, 0.008834348, 0.0024868308, 0.007673286, 9.053662, 8.528907E-4
262, 0.0037162872, 0.0011320986, 0.0018955506, 0.002470059, 0.0026233252, 8.954414, 0.0063805133
263, 0.0033352582, 0.004746186, 0.009721178, 0.0091471225, 0.0012861273, 8.942438, 0.007822611
264, 0.005858512, 0.008200889, 0.002763713, 0.0047909967, 0.0049429312, 9.001983, 0.0039186855
265, 0.0015707655, 0.0042081913, 2.3282666E-4, 0.0037868132, 0.009123097, 9.034266, 0.0095048705
266, 0.0075263, 0.0043186457, 6.0204085E-4, 0.006961139, 0.0018553792, 8.925236, 0.009727798
267, 0.0036970847, 0.00792269, 0.0022853643, 0.0026401102, 0.0050536613, 9.018496, 0.0013640922
268, 4.7586404E-4, 0.007822779, 0.009076256, 0.0054322667, 0.0031642523, 9.045559, 0.0076181944
269, 0.00939272, 0.0017291174, 0.0022565983, 0.0062867524, 0.0064664306, 9.01924, 0.0030445603
270, 0.004572109, 2.914163E-4, 3.9559818E-4, 0.0011772851, 0.009959213, 8.972815, 0.0024118007
271, 0.00428261, 0.0036718776, 0.0043939585, 0.0048122867, 0.006578956, 8.991458, 0.004316345
272, 0.0024456969, 0.008416852, 0.0021460738, 0.008928532, 0.009104207, 9.078185, 0.009089403
273, 0.0066713565, 0.008056804, 0.0033176532, 0.0040508923, 0.0014239978, 9.099773, 0.004740085
274, 0.0070987158, 0.0036035138, 0.0071398555, 0.009113548, 0.008644604, 9.045293, 0.007816753
275, 0.0060350504, 0.008392772, 0.005169713, 3.043641E-4, 4.9688946E-4, 8.923613, 0.0016185675
276, 0.0010069745, 0.0047608963, 4.2570002E-5, 0.0025691686, 0.00462428, 9.076539, 0.004864534
277, 0.008345484, 0.0058004074, 0.0032362763, 0.0084457155, 0.007095029, 8.900232, 0.008902288
278, 0.009770308, 0.0012284793, 0.0029236057, 0.009794359, 0.005865851, 8.924856, 0.005258339
279, 0.006568203, 0.00791115, 7.581211E-5, 0.005520025, 0.0034941784, 8.9024, 0.008740112
280, 0.0021448135, 0.008237059, 0.0025351655, 0.0069775986, 7.3452065E-5, 8.921461, 0.0059954966
281, 0.0014854645, 8.051816E-4, 0.0028843295, 0.0031162244, 3.8285737E-4, 9.0336075, 0.0074417265
282, 0.0096827345, 0.006437396, 0.0041749077, 0.001995146, 0.0045603286, 8.975486, 0.007019641
283, 0.0015985308, 0.009600843, 0.0048032594, 0.004137857, 0.004230183, 9.085173, 0.008091476
284, 0.009505581, 0.006189559, 0.005004814, 9.305855E-4, 0.0033441994, 9.045113, 0.009493968
285, 0.003731703, 0.0063351467, 0.0016284954, 0.0058534523, 0.009527134, 9.051444, 0.003987888
286, 0.009711604, 0.002100561, 0.0062341336, 0.0020404016, 1.2212855E-4, 8.901104, 0.0088714855
287, 0.0022823613, 0.0016571807, 0.009630801, 0.0019319525, 8.684585E-4, 9.047254, 0.005762867
288, 0.008306271, 0.0010382179, 0.0016445077, 0.0013308554, 0.0025322034, 9.017095, 9.0524595E-4
289, 0.003245396, 0.0074552414, 0.0063878717, 0.00270811, 0.007602965, 8.962022, 0.002461206
290, 0.008548964, 0.009068925, 0.005527014, 0.0055824346, 0.0063993107, 9.087145, 0.007122525
291, 0.004313627, 0.0041841427, 0.0073149423, 0.009288332, 0.007963138, 8.9544525, 0.0042553316
292, 0.009404603, 0.007718081, 0.0076689245, 0.0025429411, 0.0015830162, 9.065729, 0.007921582
293, 0.008863879, 6.5049E-4, 0.0073410114, 0.0028791244, 0.001099217, 8.918092, 0.004771628
294, 0.0030178626, 0.005104982, 0.0059962966, 0.008610744, 0.0013021037, 8.990177, 0.00482449
295, 0.0055457363, 0.007118114, 5.0706114E-4, 0.003446905, 0.0019149281, 8.999299, 0.0013713611
296, 0.008401366, 0.002048576, 0.0087397015, 0.005366599, 7.6499644E-5, 9.037881, 0.0024895205
297, 0.0067798384, 0.009549802, 0.0024757083, 0.009517141, 0.0018776733, 9.03424, 0.0060382155
298, 0.003927915, 5.8470713E-4, 4.0574468E-4, 0.003225161, 0.007845721, 9.013066, 0.0077756154
299, 0.0057469076, 0.0038099417, 0.008571593, 0.0045787776, 0.0076197046, 8.98971, 8.713769E-4
300, 7.891035E-4, 0.0026063588, 0.0077366363, 0.00292411, 0.008504935, 8.989209, 0.009852096
301, 0.008628114, 0.0018895952, 0.0062705297, 0.0016318959, 9.417125E-4, 9.084022, 0.0053824433
302, 0.005846316, 0.008881635, 0.00952275, 0.009926595, 0.0046252953, 8.9572525, 0.007420325
303, 0.0048814705, 0.0063233543, 0.00849369, 3.262856E-4, 0.008278392, 8.95946, 0.006879419
304, 0.008741319, 0.004584223, 0.0043664696, 0.008677218, 0.0090432735, 9.066434, 0.007390584
305, 0.0053657866, 0.005557515, 0.0068302983, 0.0057786843, 0.003507594, 9.048284, 0.0059435805
306, 0.0037075917, 0.0019710886, 0.0030159312, 3.3744887E-4, 0.0013317517, 9.079083, 0.0026358324
307, 0.0050303624, 0.0091816075, 3.167298E-4, 0.0023882072, 0.0056200232, 8.981726, 0.0013358353
308, 0.008153962, 0.005964122, 0.0018996969, 6.6642434E-4, 0.008890091, 8.994224, 0.0039918004
309, 0.0017706644, 0.0026990976, 7.684343E-4, 0.003122995, 0.006873418, 8.938621, 0.009297724
310, 0.005171683, 0.00535704, 3.2280576, 0.0023594326, 0.0099662775, 8.993733, 0.0057264017
311, 0.005722242, 0.0024055608, 3.243104, 0.0061252005, 0.009010577, 9.010155, 0.0020467136
312, 0.006006009, 0.004115583, 3.2194896, 0.005879798, 0.008775354, 8.911484, 0.0019658182
313, 0.0077602775, 4.5030427E-4, 3.2948651, 0.007843691, 0.0055202637, 9.00372, 0.00693278
314, 0.0070638107, 9.2604436E-4, 3.1464329, 0.0038097517, 8.9737144E-4, 8.968112, 0.009713587
315, 0.0030423403, 0.0022352093, 3.1369395, 0.009990571, 0.0090783825, 8.946315, 0.008069252
316, 0.007998584, 0.0046514734, 3.2244034, 0.009410426, 0.003186237, 8.915344, 0.008275244
317, 0.005047904, 0.0048764325, 3.226142, 0.0066339527, 0.0017569668, 8.941371, 0.0048398636
318, 0.007090869, 0.0017721112, 3.1127229, 5.4731435E-4, 0.0048282696, 8.923223, 0.0042158435
319, 0.00941939, 0.008913036, 3.2891457, 0.0058590695, 0.004582607, 9.038055, 0.0092992205
320, 0.004762076, 0.0040312996, 3.2338853, 0.0047510685, 0.0012547469, 9.065851, 1.1066794E-5
321, 9.041275E-4, 0.0011529912, 3.2922525, 0.0062955357, 0.0050344598, 9.085226, 0.0066273217
322, 0.0083279535, 0.009413374, 3.2702796, 0.0010088207, 0.0071039125, 8.926845, 0.005853481
323, 0.0034616536, 0.0053313617, 3.2541256, 0.004031486, 2.845143E-4, 8.950194, 0.008191113
324, 0.0016883367, 0.0029979118, 3.1130517, 0.0042015538, 0.008081045, 8.980339, 6.6139974E-4
325, 0.0049818777, 0.007916691, 3.1078246, 0.007095705, 0.008807535, 8.912909, 0.005846758
326, 0.003704936, 0.0011358296, 3.2324662, 9.2030206E-4, 0.009585391, 9.098962, 0.006195025
327, 0.007621297, 0.008207205, 3.252007, 0.007835393, 0.0085519105, 9.017167, 0.003543549
328, 0.0026501075, 0.009466695, 3.2302427, 0.0019288792, 0.005533891, 8.903724, 0.0087682735
329, 2.8984522E-4, 0.007044806, 3.1582355, 0.003667557, 5.1135774E-4, 9.030885, 0.009441163
330, 8.968301E-4, 0.0034513983, 3.151107, 0.009732873, 0.0075561814, 9.075231, 0.0057785986
331, 0.005812041, 0.004747003, 3.277563, 0.002322465, 0.008335397, 9.086615, 0.009221932
332, 0.0015123886, 0.006957025, 3.1179318, 0.006721956, 0.009274738, 9.079362, 0.009053959
333, 0.00546363, 0.0018887041, 3.2112894, 0.0027832477, 0.007846998, 9.031529, 0.0013834455
334, 0.004633034, 0.006847007, 3.2227092, 0.00405217, 0.0047982926, 9.0779, 0.006697047
335, 0.0033882295, 0.002499854, 3.2648735, 0.009580373, 0.0020007177, 8.993621, 0.004567329
336, 0.0074205645, 0.008063988, 3.2801588, 0.0069223884, 0.0048945807, 8.964931, 0.008022121
337, 0.0024859258, 0.007192463, 3.2180226, 0.008315995, 0.0031347184, 9.08912, 0.008669363
338, 0.0034893444, 0.0071283346, 3.1236424, 0.0029891466, 0.009087769, 9.028911, 0.008628086
339, 0.008114174, 0.00827178, 3.1360738, 0.009632347, 0.0032847559, 9.067173, 0.008054987
340, 3.676555E-4, 0.0018140343, 7.9827214E-4, 0.0063896063, 6.327215E-4, 8.938701, 0.0014004682
341, 0.0019465026, 0.0025700314, 4.9966783E-4, 0.00813053, 0.0069956933, 9.064028, 8.620667E-4
342, 0.0017129758, 0.009726329, 0.0038495555, 0.005955603, 0.002907833, 9.006538, 0.004020841
343, 0.0029108052, 0.0035848392, 0.006486378, 7.900659E-4, 0.0083633615, 8.963604, 0.0015178481
344, 0.0024981606, 0.009031472, 0.0055177673, 0.007673161, 0.007164229, 9.023825, 0.0095903305
345, 0.006809698, 0.008494492, 0.0020329426, 0.0055030156, 0.0030622894, 9.018164, 0.009356151
346, 0.0035546506, 0.0053365515, 0.009050011, 0.0049610315, 1.6427002E-4, 9.094769, 0.0074177105
347, 0.009262394, 0.009213739, 0.0061024223, 0.006655602, 0.006677461, 8.946203, 0.0089399
348, 0.007998528, 0.001063392, 0.0011474866, 0.00681692, 0.0063979044, 9.021733, 0.009524987
349, 0.005471584, 0.009270556, 0.0019409898, 0.0089702755, 0.0067940066, 9.009777, 0.0034373421
350, 0.007943142, 0.008200858, 0.006241925, 9.3805767E-4, 0.009111497, 8.903714, 0.001595595
351, 0.0041992967, 0.009818931, 0.00601248, 0.008735763, 0.008759561, 9.085812, 0.0014511215
352, 2.5436436E-4, 0.0043688193, 0.008545711, 0.0034093505, 0.001119174, 9.090468, 0.0070123454
353, 0.005640923, 0.0014165089, 0.004989989, 0.009244497, 0.0037906093, 9.031983, 0.0070596086
354, 0.005136486, 0.0022178767, 0.0010941059, 0.007031963, 0.0045590703, 8.94973, 0.009353069
355, 0.0037433705, 0.0016190034, 0.004083462, 0.0038371999, 0.0048359865, 8.944156, 0.008720252
356, 0.009222076, 0.0065735998, 0.0060933935, 0.009621058, 0.0056424057, 9.029742, 0.0027489457
357, 0.0022674992, 0.008274362, 0.009925957, 3.4152533E-6, 0.006245946, 8.986967, 0.0030447466
358, 0.004220414, 0.004883199, 0.0034469434, 0.0011354832, 0.008727235, 9.075469, 0.0043501826
359, 0.0016109402, 0.0014064976, 0.0043167155, 0.004053278, 4.508693E-4, 8.919849, 0.0064435843
360, 0.0046677217, 0.008625717, 0.009244701, 0.0030351635, 0.004404702, 0.0071490076, 0.0077410457
361, 0.005368325, 0.0024971245, 0.008640775, 9.772863E-4, 3.7540597E-4, 0.008876319, 1.3013197E-4
362, 9.983671E-4, 0.004812157, 0.0011318173, 0.0052332645, 0.009856417, 0.0067449976, 0.007425156
363, 0.00381386, 0.0040101307, 0.0042858664, 0.0042337435, 0.0037661449, 0.0055105514, 6.7393405E-5
364, 0.0020684095, 0.0026564547, 0.0061490815, 7.809565E-5, 6.383273E-4, 0.0066174236, 0.009854907
365, 0.0071667302, 0.0073295827, 1.096112E-4, 0.006802827, 0.0027769052, 0.00931874, 0.0029485729
366, 0.009928806, 0.005287498, 1.6033262E-4, 3.4108572E-4, 8.494275E-4, 0.00971138, 0.0062672817
367, 0.0075824484, 0.0075427047, 0.0014444105, 0.0073458357, 0.0035374775, 5.715805E-4, 0.006258595
368, 0.0075516836, 0.0060610143, 0.00811774, 0.009797788, 9.0148905E-4, 0.008109477, 0.0026422194
369, 0.0024612418, 0.0053041596, 0.0054531884, 0.003600586, 0.009749768, 0.004468755, 0.0056198933
370, 0.0013143353, 0.0039012476, 0.0059009995, 0.00298313, 0.0068364386, 0.009956648, 0.0062179645
371, 0.0067547676, 0.0014478324, 0.00827468, 0.0020905356, 0.0070492653, 0.0072829495, 0.0059526833
372, 0.006265892, 0.009157896, 0.007506236, 0.0016132594, 0.003327276, 0.0077043776, 4.4790964E-4
373, 0.0015806495, 0.009115913, 4.490671E-4, 0.0071560587, 5.97795E-4, 0.001070039, 0.00616707
374, 0.0059335004, 0.006924472, 0.0041285516, 0.0022463235, 6.016415E-4, 0.009908846, 0.008301877
375, 0.0054349094, 0.0014699281, 0.00793925, 0.009530247, 0.0035125683, 0.009288279, 0.006059931
376, 0.0050296267, 0.0065695704, 0.0028212473, 0.0054739797, 0.007968134, 0.0040468243, 1.06451036E-4
377, 0.0016585927, 0.0040208735, 0.0077242875, 0.0019461911, 0.003882288, 0.0041186516, 0.0014404581
378, 0.0037299483, 0.0065406305, 0.0035361669, 0.0054839295, 0.008296817, 0.0019164929, 0.0073578064
379, 0.007318682, 0.008220744, 0.0047228164, 0.00631428, 5.880089E-4, 6.377837E-4, 0.0011003016
380, 0.005000892, 0.0011876494, 0.0015333835, 0.008619403, 0.0065683364, 0.0026069381, 0.009269073
381, 0.009275459, 0.0041194716, 0.0027074493, 0.009051732, 0.0044677393, 0.009250612, 6.418446E-4
382, 0.0010349595, 0.009517655, 0.0024434545, 0.005711321, 0.0047908793, 0.005408305, 0.00834383
383, 0.00961826, 0.0020020562, 0.0071170176, 0.0013560582, 0.009791394, 0.007397021, 0.0011644765
384, 0.0034367498, 0.00424399, 0.005189233, 0.0098184785, 0.0064894855, 0.007771271, 0.0045781247
385, 0.0057673347, 0.006341881, 0.0052014873, 0.0032322314, 0.009017353, 0.00392912, 0.009885762
386, 0.0020981922, 0.007270834, 0.0020131157, 0.004645028, 0.008365784, 0.0021054219, 0.0025340505
387, 0.007988086, 0.0059679374, 0.0059026354, 5.211004E-4, 5.7301373E-4, 0.0046060476, 0.008662846
388, 0.005381749, 0.0056048506, 0.008964686, 0.009595922, 0.009344166, 0.0021457062, 0.009516174
389, 0.005691216, 0.0058447, 0.0021591191, 0.0051143076, 0.008347514, 0.0077326167, 5.187119E-4
390, 0.0054378137, 0.009583049, 0.0063068015, 0.0021818893, 0.008268005, 0.0013475801, 0.007404196
391, 0.0022625232, 0.0025713802, 0.005023055, 2.7353335E-5, 0.0028322786, 0.0034067575, 0.0033262752
392, 0.0063285427, 0.004938432, 0.008787882, 0.003516469, 0.009160434, 0.0055467426, 0.0018062347
393, 0.009062609, 0.0048584514, 0.006901131, 0.0035551314, 0.0067397817, 0.0044374913, 1.376352E-4
394, 0.00369501, 0.0075008566, 0.005965742, 0.005898307, 0.0058611482, 0.0024091625, 0.0045209522
395, 0.0021614176, 0.004538859, 0.009419826, 0.0038395596, 0.0035375482, 0.008517567, 0.0028618954
396, 0.005536663, 0.006876838, 0.0035839742, 0.005100294, 0.0076049147, 0.005190872, 0.0037258624
397, 0.009046146, 0.003792978, 0.0056133866, 0.0057919067, 9.3592476E-4, 0.00941927, 0.0074071856
398, 0.007289204, 0.0051143602, 0.0071943044, 0.002870343, 7.990382E-4, 0.0064329817, 0.008704998
399, 0.0074029975, 0.0013527528, 0.0013156168, 0.00335692, 0.004966724, 0.0050334036, 0.0055441465
400, 0.0067755077, 0.0017016847, 0.008055215, 0.005382239, 0.00493487, 0.003562454, 0.005621678
401, 0.008781756, 0.00861287, 0.0034916338, 0.008974461, 0.0051059853, 0.005163764, 0.009871053
402, 0.0072191325, 0.005055772, 0.0010547373, 7.735679E-4, 0.007750023, 0.007299127, 0.009130277
403, 0.007884177, 0.0053953785, 0.004681791, 0.009148377, 0.009867367, 0.0057652905, 8.35723E-4
404, 0.008775172, 0.0074283048, 0.0027087126, 0.007504417, 0.0049296417, 0.0013487035, 0.0032722037
405, 0.0039684107, 0.0021376587, 3.738891E-4, 0.0061018663, 0.0025812981, 0.005384664, 0.007985791
406, 8.412694E-4, 0.00861602, 0.009848894, 0.005817293, 0.0067519876, 0.008373146, 0.008852115
407, 0.0067465794, 0.0085197035, 0.0068173273, 0.004382439, 0.0025558125, 0.006007653, 0.004885049
408, 0.0016238228, 0.009446686, 0.0025805212, 0.007046256, 6.949425E-5, 0.0096761, 0.0035457294
409, 0.0017043947, 0.009001564, 0.009108394, 0.002245372, 5.8384566E-4, 0.0043867086, 0.00857631
410, 0.006380897, 0.008380705, 0.0075678527, 0.0016010175, 0.0012639534, 6.42287E-4, 0.0035243898
411, 0.0022422704, 0.009860648, 0.0060927095, 0.007928523, 0.004632955, 0.0017327982, 0.009436355
412, 0.0077429214, 9.798941E-5, 0.00427857, 0.0020479588, 0.0096849315, 0.008665739, 3.6254223E-5
413, 8.975355E-4, 0.0045251986, 0.009250825, 0.0032387238, 5.6029507E-4, 0.002893584, 0.0068203933
414, 0.0072924714, 0.009226167, 3.289981E-5, 0.0054516154, 0.002403942, 0.0072504915, 0.0027710006
415, 0.003346415, 0.009187205, 0.005976905, 0.0018744019, 0.009590084, 0.009760841, 0.0053153755
416, 0.006901636, 0.0027236892, 0.0025782464, 8.7283034E-4, 0.008692154, 0.008045844, 0.0010343771
417, 0.005310741, 0.0067066597, 0.0039676516, 0.0087533025, 0.0040434985, 0.004577322, 0.0077152993
418, 0.0063847443, 0.0023933707, 0.0074314177, 0.007208011, 0.005724122, 0.009882261, 0.008819514
419, 0.009034761, 0.00701944, 0.007467479, 0.0034093799, 0.0021113425, 0.0044396957, 0.0052181534
420, 0.003999407, 0.0028201027, 0.0028532993, 0.0011808815, 0.007860388, 2.1786596E-4, 0.006301334
421, 0.006997678, 0.0079320725, 0.009243238, 0.0048493175, 0.0022162106, 0.008981022, 0.005762723
422, 0.0018624351, 0.0071717845, 0.007468832, 0.009765769, 0.008173071, 0.0038224896, 0.006584895
423, 0.0020520615, 0.0030957616, 0.00498336, 0.0046654404, 0.005350094, 0.00479355, 0.005032373
424, 0.006050675, 0.0029642433, 0.0041110315, 0.009350548, 0.008324414, 0.0067682867, 0.006663213
425, 0.0055103693, 0.008835676, 0.0016464851, 0.0077056414, 0.0065412056, 0.0064193183, 0.0053290804
426, 0.003110079, 0.005477358, 0.0013127999, 9.772487E-4, 0.007631331, 8.3380815E-4, 0.0074088303
427, 0.0048432425, 0.008574668, 0.004656712, 0.0061886576, 0.0028646886, 0.008959602, 0.008360117
428, 9.4837527E-4, 0.008147672, 0.009324604, 0.006687341, 0.0032606884, 0.005951474, 0.0014287025
429, 0.0068249227, 0.0010071652, 0.0040085213, 2.796852E-4, 0.007948963, 0.0087710675, 0.0037962922
430, 0.0031549996, 0.0062981816, 0.006898444, 0.0027236647, 0.005580251, 0.0022449244, 0.005115239
431, 0.008102353, 0.0045915325, 0.00877484, 2.307531E-4, 0.0012448134, 0.00903164, 0.0052878708
432, 0.005162868, 0.004063196, 0.0051165796, 0.0066976836, 0.008288028, 0.0011396, 0.0030575597
433, 0.005433593, 0.007949038, 0.007396132, 0.0071350387, 0.003138505, 0.0068463436, 0.005213941
434, 0.007295182, 0.009608348, 0.0049934946, 0.005133606, 0.00507544, 0.008832912, 0.007935116
435, 0.0011149886, 4.6477467E-4, 0.005874981, 0.009005758, 0.004742813, 0.009165395, 0.0037640838
436, 5.5057683E-4, 0.0027349896, 0.0016466801, 0.006583147, 0.009233909, 0.008643874, 0.006368311
437, 0.0034907917, 0.004829322, 0.0027363545, 0.009598455, 0.008548955, 2.1486558E-4, 0.003696885
438, 0.0033641632, 0.0029149947, 0.0026897704, 0.0020182596, 0.0012449888, 0.009209347, 0.0031839637
439, 0.007728146, 0.00895715, 0.0026843217, 4.4931853E-4, 0.0044450876, 0.0029743968, 1.9650755E-4
440, 0.0019016465, 0.007665891, 0.0057930457, 0.0059247557, 0.0014250203, 0.0076570227, 8.7252597E-4
441, 0.0022776504, 0.007155085, 0.006355828, 0.0037690452, 0.0054988284, 0.009025601, 0.0032831111
442, 0.008528861, 0.008105456, 0.0066925366, 0.007626795, 1.8943489E-5, 0.0044846423, 0.0033426124
443, 0.0023770987, 0.00354666, 0.0017244988, 0.0098482575, 0.0016768607, 0.0028564297, 0.0050710295
444, 0.0067485524, 0.0043963604, 0.0063901236, 0.006278969, 0.008615772, 0.005350162, 0.009559331
445, 0.0035641599, 0.0065097483, 5.442361E-4, 0.0077014137, 0.003866995, 0.009427331, 0.0043748077
446, 3.776155E-4, 0.0017009134, 0.0049218275, 0.0047960747, 0.0027203322, 0.0039868928, 0.0023973463
447, 0.007132153, 0.0036479456, 0.006964327, 0.009975582, 0.008429314, 0.003939476, 0.009520639
448, 0.0072876364, 0.002027757, 0.009397634, 0.0070964275, 0.0020610443, 0.006377899, 0.005627675
449, 0.0016998948, 0.007952282, 0.0030343363, 0.0013207771, 0.0065037697, 0.004717574, 0.0062313504
450, 0.00635453, 0.007999879, 0.009519911, 4.7703352E-4, 0.009509393, 0.004750981, 0.009937791
451, 0.0031988046, 0.008148864, 0.0094064195, 0.005071219, 0.0066313013, 0.008822388, 0.009837634
452, 0.0010331454, 0.006858325, 0.0034238924, 0.0060014743, 0.0010695438, 0.008203725, 2.751396E-4
453, 0.0014537601, 0.008568945, 0.008011814, 0.0033019332, 0.0023124574, 0.0033023062, 2.6609495E-4
454, 0.0053325323, 0.0019093044, 0.007376662, 0.0064658155, 0.0034714642, 0.006370665, 0.007591123
455, 0.008713025, 0.005488243, 0.004932855, 0.005151307, 0.003058546, 0.0062093427, 0.008924123
456, 0.0020284145, 8.134641E-4, 0.0020130933, 0.0050349366, 0.005641717, 0.0017534437, 0.009700996
457, 0.0017501634, 0.009998308, 0.005926374, 0.0032552863, 0.0026312, 0.0019415382, 1.1956625E-4
458, 0.008291401, 0.0065130494, 0.0057396586, 9.509138E-4, 0.00937533, 0.0026208065, 0.0078887325
459, 0.009019136, 0.009799663, 0.008111952, 0.0067090006, 0.007581431, 0.006898472, 0.0066153267
460, 0.008081422, 0.0048225564, 0.008529999, 0.008964595, 0.00950123, 9.3757606E-4, 0.007967442
461, 0.0015134672, 0.009517872, 0.009971199, 0.0051119565, 0.0031718933, 0.008585843, 0.0016398479
462, 0.0016783377, 0.009616928, 3.684346E-4, 2.0829194E-4, 0.0068026534, 0.0020088626, 0.0096165445
463, 0.0059008924, 0.0073824385, 0.007982721, 0.0038872648, 0.009298201, 0.004383883, 0.0046871584
464, 0.0015720178, 7.028552E-4, 0.0023367866, 0.0072072363, 0.007971618, 0.0045544337, 0.004286865
465, 8.3452195E-4, 0.0044857026, 0.0036311091, 0.008586327, 0.0023374015, 0.0033765438, 0.00899667
466, 0.00707748, 0.003636459, 0.00202236, 0.009434666, 0.0064604306, 0.001104212, 0.0060927835
467, 0.008457133, 0.0059347884, 0.0050854636, 6.5926E-4, 0.007883582, 0.0045666113, 0.0071739727
468, 0.001895697, 0.0044566086, 0.0012556434, 0.0072831, 0.009729791, 0.0099936845, 0.008664244
469, 0.008612547, 0.0035730118, 0.0061704447, 1.8219096E-5, 0.0062402487, 0.009087313, 0.0021889014
470, 0.004301103, 0.0042579346, 0.003839228, 0.0073048105, 0.0010372633, 0.00712084, 0.003647058
471, 4.715417E-4, 5.955305E-4, 0.0031964811, 0.009444473, 0.0062035616, 0.009743882, 0.0023743769
472, 0.006563897, 0.009170816, 0.0050470443, 0.0050380463, 0.004485633, 6.0001175E-6, 0.00862268
473, 0.006702566, 0.0053037843, 0.0013399207, 0.0017582044, 0.0011854264, 0.0034275614, 0.0061758524
474, 0.001939048, 0.0053053685, 0.0073666913, 3.71986E-4, 0.007950544, 0.009793358, 0.006842187
475, 0.007221778, 0.005889444, 0.0043517803, 0.004918838, 0.0049052183, 0.006157382, 0.0096124085
476, 0.0053733326, 0.006929715, 0.007807444, 0.0051206574, 9.204537E-5, 0.0015875334, 0.0019763268
477, 4.1306135E-4, 0.009935045, 0.0089273825, 5.5839703E-4, 0.005756899, 0.005208009, 0.0027710022
478, 0.009764286, 1.85321E-4, 0.008651268, 9.0124627E-4, 7.554942E-4, 0.0070882956, 0.004685313
479, 0.008706417, 0.0011577937, 0.001809141, 0.0035446528, 2.8626286E-4, 0.0019300571, 0.0014483646
480, 0.007886999, 0.0063082906, 0.0038014643, 0.004390987, 0.0024823355, 0.009748717, 0.0062888633
481, 0.005950473, 0.0046664965, 0.00906061, 1.6739522E-4, 0.006961853, 0.0043864744, 0.003282461
482, 0.0011913225, 0.004158571, 0.007869729, 0.005133638, 0.008848318, 0.004732039, 0.0082173785
483, 0.0062388675, 0.008979311, 0.0025998447, 0.00955121, 0.003282099, 0.0032073187, 5.9800374E-4
484, 0.008737028, 0.0051108147, 0.0012924853, 0.001064598, 1.6194674E-4, 0.008595038, 0.0047669434
485, 0.007096607, 0.0045608035, 0.0053910087, 0.0015018698, 0.008138679, 0.0024669473, 0.0026676871
486, 0.0012204859, 0.0065020486, 0.0065052365, 0.008324963, 0.0013945585, 0.0059137633, 0.004450164
487, 0.005265634, 0.0014482902, 0.009260823, 0.006739591, 0.009878939, 7.423176E-4, 3.208082E-4
488, 0.00796467, 0.007051616, 0.0024218636, 0.00346, 0.0017490911, 0.007743172, 8.869144E-4
489, 0.006031983, 0.0023858908, 0.0054452484, 0.0053786244, 5.241363E-4, 0.00461761, 0.0046906765
490, 0.0059749824, 0.0073764, 0.0050257007, 0.008185999, 0.0011500886, 0.0048361477, 0.0046376246
491, 0.009111968, 0.0079752365, 0.009214945, 0.0025651923, 0.0016697191, 0.007026312, 0.0074774353
492, 0.0047552544, 0.0060459943, 0.004110846, 0.0042195353, 2.639378E-4, 0.003629059, 3.9402108E-5
493, 0.006782593, 0.009858199, 0.0045275893, 0.007839785, 0.0055020987, 0.008203552, 0.0022280503
494, 0.004048907, 9.0399623E-4, 0.0014143825, 0.00957178, 0.0070159645, 0.006038605, 0.006323372
495, 0.006141197, 5.1189936E-4, 8.159682E-5, 0.00646911, 0.00961524, 0.00536397, 0.008833449
496, 0.0025060538, 0.0026873758, 0.0053205607, 0.008813228, 0.001508575, 0.0027352017, 0.005900202
497, 0.0042695105, 4.709236E-4, 0.003588852, 0.00659009, 6.207349E-4, 0.0041974923, 0.0074661663
498, 0.0074332454, 0.0035891775, 0.0067328666, 4.2573677E-4, 7.797362E-4, 6.0724176E-4, 0.008498705
499, 0.0065346826, 0.007776275, 0.0099516865, 0.008384589, 0.004356187, 0.0070297737, 0.0035008716
500, 0.0011825501, 0.0043325447, 0.009804307, 0.0010120539, 0.005960053, 0.0071726674, 0.0020972379
501, 0.007380226, 2.338167E-4, 0.0014486976, 0.0089891115, 0.009466929, 0.008136901, 0.0032645834
502, 7.7322166E-4, 0.0057769422, 0.008164093, 0.0020801749, 0.0035446065, 5.1268446E-4, 0.007535683
503, 0.004557598, 0.009164556, 0.0033506376, 0.0057373224, 0.0026423745, 8.1552245E-4, 0.00766104
504, 0.009373698, 0.0029999479, 7.226797E-4, 0.0028315517, 0.0041163852, 0.0023989913, 0.006042182
505, 8.5755513E-4, 0.0072312625, 0.0076660668, 0.0074025188, 0.0034262042, 0.005938506, 0.009431911
506, 0.0021341802, 0.0033482802, 0.0026882135, 0.006047832, 8.3417736E-4, 0.0033813785, 0.008327311
507, 0.0077713877, 0.0015857929, 0.0062398952, 0.008088472, 0.0016037461, 8.902628E-4, 0.0019017385
508, 0.0033493438, 0.0040068054, 0.004165919, 0.00219864, 0.004190466, 0.0021363646, 0.0015316514
509, 0.008116401, 0.0039228476, 0.00419835, 0.0065153735, 0.002233351, 0.006961225, 0.0060682823
510, 0.0063145095, 0.0072897654, 0.0056866347, 0.004409894, 0.00228434, 0.0020079187, 2.719755E-4
511, 0.0061869957, 0.008441382, 0.006971927, 0.00783685, 6.834063E-4, 0.003942797, 0.0066284733
512, 0.0037530272, 0.0029289445, 0.0027391596, 0.008283964, 0.008439444, 0.0067752097, 0.009896732
513, 0.0053506186, 0.007565781, 0.0017730553, 0.009446741, 3.34437E-5, 0.0022261601, 4.743853E-4
514, 0.0030429526, 1.5201682E-4, 0.008349659, 0.0018140896, 0.0021951974, 0.005855419, 0.0013818623
515, 0.0018236462, 0.009395307, 0.0046156486, 0.0031017768, 0.00508612, 0.005063255, 0.0070742727
516, 0.002331007, 0.00906299, 0.007915133, 0.00206905, 2.471655E-4, 0.0087064365, 0.0060909074
517, 0.006481683, 0.0040310696, 6.1643764E-4, 0.00517874, 0.0044248444, 0.009657359, 0.0044101994
518, 0.007133974, 7.260451E-4, 0.0057807425, 0.0039421823, 0.0010147378, 0.0056678825, 0.0058751586
519, 0.0025461563, 0.0024424058, 0.0015086578, 0.00505072, 0.0045664483, 0.003744032, 0.006434298
520, 0.0013033852, 1.0372626E-4, 8.4516406E-4, 0.008281981, 0.008344874, 0.0011213819, 0.006155287
521, 0.008627799, 0.008615434, 0.004841772, 0.00892448, 0.0076452824, 5.996368E-4, 0.00470728
522, 0.0058486797, 0.0015185012, 0.004145446, 8.936649E-5, 0.0050623, 0.0071329875, 0.0011294133
523, 0.0033994755, 0.006080748, 0.003269613, 0.006515899, 0.007288872, 0.0067417454, 0.003591037
524, 0.0066258144, 0.0052201855, 0.0057431557, 0.0043372996, 0.0072604497, 0.005851638, 0.0059863795
525, 0.00883657, 0.004218544, 0.0053956397, 0.009608175, 0.001689021, 0.002699813, 0.0023966364
526, 3.2011332E-4, 0.0077962545, 1.0574102E-4, 0.006218799, 0.002473707, 0.005285664, 0.008828519
527, 0.0039423425, 0.009130547, 0.00681855, 0.001761592, 3.3797676E-4, 0.0033406569, 7.727846E-4
528, 0.0034703398, 0.0021221756, 0.007818569, 0.0023552522, 0.004229028, 7.916775E-4, 0.00825546
529, 0.004826267, 0.0024602031, 0.007993812, 0.004617026, 0.0027075985, 0.0035053152, 0.0036099618
530, 0.0029505892, 0.0020977128, 0.009110415, 0.00951268, 0.007461265, 0.008032269, 0.002528355
531, 0.0013026545, 0.008915844, 0.0052048783, 0.0087189935, 0.0062399604, 7.943738E-4, 0.0063025844
532, 0.007771503, 0.0080547035, 0.009033243, 0.0017124636, 0.0023779252, 0.008355385, 0.0046899244
533, 0.005420218, 0.006954725, 0.009949007, 0.0014083224, 0.004548572, 0.006839166, 0.009545162
534, 0.0011750362, 0.004172733, 8.7989104E-4, 0.0060370164, 0.0025306593, 0.0048021534, 0.009696194
535, 0.0058353436, 0.0051365616, 0.007232254, 0.004898035, 0.008577433, 0.0033964363, 0.008346739
536, 0.001638922, 0.004940926, 0.009693225, 0.0018905953, 0.008016381, 0.0032633068, 0.004725847
537, 2.3578448E-4, 3.979072E-5, 0.0032010209, 0.008416507, 0.006726146, 1.5295432E-4, 0.002757847
538, 0.009908167, 0.0033149258, 6.2885036E-4, 0.009670394, 0.009283103, 0.004897834, 5.4658466E-4
539, 0.009359269, 0.0068072993, 0.009996478, 0.0065156426, 0.009437689, 0.007741755, 0.007261473
540, 0.002830122, 0.0051149777, 0.0020606024, 0.008641468, 0.0063156993, 7.406475E-4, 0.008777282
541, 0.0030038175, 0.004774669, 2.0539967E-4, 0.00400382, 0.008494528, 0.0056394646, 0.0029486422
542, 3.546129E-4, 0.007989622, 0.0032126503, 0.00291779, 0.0028549214, 0.009616955, 0.00870146
543, 0.0049828268, 0.0031256345, 0.0035170305, 0.007147522, 0.007030313, 0.009289662, 0.006763258
544, 0.009307499, 0.0062442245, 0.0037816733, 6.766043E-4, 0.0045579458, 0.0049267113, 0.005041689
545, 0.008646492, 0.0029777654, 0.004620063, 0.0019344169, 0.008009294, 9.0422615E-4, 0.0072618835
546, 0.0016599818, 0.0065377, 0.0044635707, 0.008638667, 0.0029080913, 0.002658684, 0.009844839
547, 0.0024986742, 0.006056466, 0.008644781, 0.0074155973, 0.003343224, 0.0013257058, 0.0077128
548, 0.009170846, 0.0021361916, 0.0039765965, 0.009216078, 0.0054614493, 0.001954737, 0.002872177
549, 9.308169E-4, 0.0074660275, 0.009949969, 0.0050257253, 0.003814018, 0.0064503094, 0.007894469
550, 0.0041171457, 0.0025499559, 4.2014537, 0.0060642804, 0.005384069, 0.004704108, 0.0041225315
551, 0.004236204, 0.0027803003, 4.376791, 8.6583756E-4, 0.009176914, 0.006843089, 0.002804595
552, 0.0039619636, 1.586219E-4, 4.388332, 0.008796045, 0.0048589166, 0.0027567332, 0.0032960929
553, 0.0051421123, 0.0024888292, 4.3619637, 0.005242109, 0.0050788503, 0.007123285, 0.0035343268
554, 0.008315872, 0.009258619, 4.2506833, 0.0047623487, 0.0039695823, 3.7469648E-4, 0.0060548726
555, 0.003106056, 0.009952193, 4.3748264, 0.0032712733, 0.0073048812, 0.006726057, 0.0058934567
556, 0.0094804615, 0.005971825, 4.348594, 0.0047362405, 0.008209063, 0.007181157, 0.008245823
557, 0.008786171, 6.165177E-4, 4.392897, 0.008544742, 0.0071447077, 0.0029933292, 8.0618163E-4
558, 0.003735249, 0.008982094, 4.39299, 0.0064279246, 0.00839688, 0.009024802, 0.002185547
559, 0.007354199, 0.008954389, 4.3927484, 0.0031125797, 0.0038539513, 0.0039162887, 0.0060663447
560, 0.0028299263, 0.002180673, 0.009803592, 6.082131E-4, 0.009065227, 0.003481957, 0.004491482
561, 0.0028307883, 0.007048906, 0.0038068942, 0.0062979334, 0.009991165, 0.0019190579, 0.007497995
562, 0.0028271899, 0.006285958, 0.0021416966, 0.0065375194, 0.008312267, 0.0050136605, 0.001582181
563, 0.0052637993, 0.0019995372, 0.007854596, 0.009943687, 0.0032813596, 0.0029797326, 0.0038822845
564, 0.0074311965, 0.009359309, 0.00879357, 0.007922005, 0.00970453, 0.0056457273, 0.0061265044
565, 0.006436803, 0.0034515487, 0.0046214163, 0.001955944, 0.009248116, 0.0012427137, 8.7465526E-4
566, 0.0026256198, 0.0070876773, 0.006720774, 0.005999234, 0.006495583, 0.008229282, 0.0076344386
567, 0.007701299, 0.0030526775, 0.0022634696, 0.004742455, 0.0035462123, 0.0076651284, 0.0054551233
568, 0.009194606, 0.005684841, 0.0065262355, 6.3447435E-5, 0.009638701, 0.005369405, 7.559848E-4
569, 0.009505721, 0.0030077354, 0.005102196, 0.0021157095, 0.0023107023, 0.009708951, 0.0018561992
570, 0.0053397766, 4.3448593E-4, 0.0047666174, 0.0069648465, 0.0036995895, 0.0017010923, 0.0013629346
571, 0.006998829, 0.0050890287, 0.0018820041, 0.0021765253, 0.0052311104, 0.005656788, 0.009243323
572, 0.0069355806, 0.005136975, 0.0068098824, 0.0032661802, 0.0016827808, 0.005784153, 0.00927393
573, 0.009685476, 0.006391703, 0.003938769, 0.0048196623, 0.005993985, 0.0027795078, 0.009246061
574, 0.0022513976, 0.0051233084, 0.003428265, 0.0069405157, 0.009302102, 1.4012278E-4, 0.006657366
575, 0.0071982876, 0.006190937, 0.009485613, 0.008982043, 0.0014654403, 0.009773045, 5.3792936E-4
576, 0.008448093, 0.0038787858, 0.009447658, 0.009091982, 0.007650494, 2.4177904E-4, 0.0072894287
577, 0.0037278142, 0.004823656, 0.007926132, 0.005229213, 0.006978261, 0.00503365, 0.007540521
578, 0.0015343722, 0.00970856, 0.001207831, 0.001240963, 0.0073249843, 0.0011850173, 0.006504835
579, 0.0031531204, 0.0014111708, 0.0049367924, 0.005358026, 0.0045350385, 0.008348097, 0.009704335
580, 4.1804014E-4, 2.9477866E-5, 2.790157E-4, 0.005519924, 0.006575149, 0.0016382317, 0.007873049
581, 0.007280249, 0.0012597477, 0.0038965235, 0.00946325, 0.0020479034, 0.0022993458, 0.0071337684
582, 3.5179206E-4, 0.0017581246, 7.530275E-4, 0.005677696, 0.0061729746, 9.06097E-6, 0.0063494095
583, 0.0043920316, 0.005191065, 1.7830454E-4, 0.0074217194, 3.3639826E-5, 0.00445881, 0.0022353795
584, 0.005563685, 0.0035732295, 0.0038737948, 0.0073093283, 0.0076225083, 0.005844431, 3.436405E-4
585, 0.0023224936, 0.0041002715, 0.0016692551, 0.0015073768, 0.0018160414, 0.0035527076, 0.006953644
586, 0.0047591347, 4.6973402E-4, 0.0071543385, 0.009155038, 0.0026816481, 0.007757901, 0.006241564
587, 0.003994569, 4.2087355E-4, 0.005685527, 0.008350371, 3.1970968E-4, 0.0040193656, 0.0016128011
588, 0.004032896, 6.1890023E-4, 0.0012748822, 8.0346566E-4, 0.007567157, 0.006847887, 0.008302001
589, 0.0075217127, 0.009566873, 0.009948197, 0.0056483913, 0.009254359, 0.008453314, 0.006721393
590, 0.007553667, 0.005949473, 7.6876255E-4, 0.00956844, 0.00673763, 0.0050395774, 0.0073911985
591, 0.0030117268, 0.004965983, 0.003457016, 0.0038524352, 0.0058879894, 0.0065654707, 0.009851005
592, 0.008166974, 0.009633584, 0.008046699, 0.003780372, 0.008846463, 0.0011792562, 0.0020417331
593, 0.0037829077, 0.009104683, 0.0036297624, 0.0078748865, 0.0029117358, 6.5060845E-4, 0.009124407
594, 0.004258963, 0.008581036, 0.0019221118, 0.0060577407, 0.0018455071, 0.0033779293, 0.0011305225
595, 0.0071854037, 0.004656495, 0.004874271, 0.00406627, 0.0060482593, 0.009786173, 0.00541156
596, 2.584623E-4, 0.0066187037, 0.0041856184, 0.0073341257, 0.008786303, 0.005106214, 0.0058289156
597, 0.0052101943, 0.006807843, 0.0034549185, 0.004108649, 0.004207416, 0.009701637, 0.001224163
598, 9.1977336E-4, 0.0029788532, 0.0016094373, 0.006263755, 0.009564728, 1.6741405E-4, 0.009123178
599, 0.004878776, 0.003348999, 0.0059511494, 0.008877024, 0.009024546, 0.009535155, 0.0039287927
600, 0.0018853799, 0.0014805299, 0.007184722, 0.0040843724, 0.0036103209, 0.009922687, 0.009341072
601, 0.0045716804, 0.008946978, 0.0073469565, 9.928576E-4, 0.008623837, 0.0055829887, 0.009392282
602, 0.0043063075, 0.0030201327, 0.0075182235, 0.008769775, 0.0017260864, 0.0062318053, 0.0029235363
603, 0.0032253284, 0.0057181893, 0.0076203323, 0.0069724144, 0.0062461942, 0.001164713, 0.0038763
604, 7.9693337E-4, 0.009067728, 0.002719154, 0.005263842, 0.0022995404, 0.0084447265, 0.004792217
605, 0.002175114, 0.0031947412, 0.0071224687, 0.0062619457, 0.0020012024, 0.009359854, 0.002975799
606, 0.005488311, 0.007390335, 0.00834158, 0.008380256, 0.0037612307, 0.009591208, 0.008695188
607, 0.0035374959, 0.0069223107, 0.004768695, 7.2574E-4, 0.0061979326, 0.005574432, 0.006931161
608, 0.0071558086, 0.0055067297, 0.0040296405, 0.008423056, 0.005261748, 0.009544987, 0.006944606
609, 0.007813416, 0.009100653, 0.0045461613, 4.5427936E-4, 0.0054503498, 0.0015927105, 0.008738463
610, 7.038402, 0.0089535415, 0.0014287309, 0.0052971817, 0.005339961, 0.004481273, 0.009040233
611, 7.075073, 0.00521024, 0.0047353823, 0.009199515, 0.009729261, 0.004352941, 0.0013570675
612, 6.9966965, 0.003561421, 0.0011305797, 0.007618375, 0.0011001404, 0.0072159874, 0.0023191473
613, 7.0272217, 0.0037590023, 0.006920864, 0.009902651, 0.005652392, 0.006517213, 9.081E-4
614, 7.058015, 0.0060736234, 0.009337679, 0.0086002955, 8.089023E-4, 0.0010454439, 0.008471045
615, 7.0987287, 0.008899342, 0.003925858, 2.0570021E-4, 0.0011941922, 0.0028149064, 0.0062295594
616, 7.0886154, 0.009776871, 0.004455438, 0.009013986, 0.0015382946, 0.006248024, 0.006465243
617, 6.9873543, 0.007443684, 0.0045622713, 0.0025489265, 0.0015030935, 0.004925468, 3.8073407E-4
618, 7.0387907, 0.009764097, 0.009810006, 0.009720586, 0.0016614773, 0.008435538, 0.0020737583
619, 7.0776105, 0.007952072, 7.21315E-5, 0.009438582, 0.008200584, 0.007596795, 0.004766001
620, 6.988564, 0.0011374865, 0.004476007, 0.0068303887, 0.009763617, 0.008140822, 0.0041371775
621, 7.06046, 0.0032514238, 6.0367316E-4, 0.0031779776, 0.0031868725, 0.002006912, 0.0012904104
622, 7.084548, 0.0072339657, 0.0010803588, 0.0028171325, 0.0064429236, 0.0023078935, 0.008367823
623, 7.0797186, 0.002615605, 0.007483834, 2.1393147E-4, 0.007094002, 0.006773742, 0.006399878
624, 7.0910735, 0.00987822, 0.009193415, 0.0075113946, 0.0010939903, 0.008338708, 0.006647976
625, 7.012783, 0.0024998935, 0.0076091303, 0.0031524072, 0.0058297827, 0.008174619, 0.0037493347
626, 6.948919, 2.3846935E-5, 2.631957E-4, 0.0061255884, 1.05431805E-4, 0.0068917824, 0.0072585335
627, 6.99348, 0.007262631, 0.0033867564, 0.0013031517, 0.0015842516, 0.005196189, 0.009553464
628, 6.949368, 0.0019331395, 0.0051976037, 0.0038585868, 0.006952414, 0.009287285, 0.0035330097
629, 7.0824747, 0.0037698317, 0.00544425, 0.0016533578, 0.006882787, 0.001107939, 0.008096165
630, 6.9815392, 0.003491089, 0.006827044, 0.0014423341, 0.0048773084, 0.0019337476, 0.002309512
631, 7.003861, 0.006682759, 0.005134929, 0.0027436994, 0.008143429, 0.0059188004, 3.148487E-4
632, 6.904177, 0.0072888727, 0.00522832, 0.0056966753, 0.0036520371, 0.003155296, 0.001954427
633, 7.0541472, 0.008060337, 7.6192134E-4, 7.940486E-4, 0.004326074, 0.00588493, 0.0084609855
634, 7.002201, 0.003904577, 0.0058714882, 0.007941472, 0.008196396, 0.005885953, 0.0033297364
635, 6.901235, 0.004622806, 7.0925854E-4, 3.371445E-4, 0.0039625373, 2.0546942E-4, 0.006414767
636, 7.001812, 0.009231157, 0.0058444915, 0.0093851, 0.0064490223, 0.0033485848, 0.0070138406
637, 7.016172, 0.0055440976, 3.0607774E-4, 0.005771509, 0.0016621335, 0.007158147, 0.0018636971
638, 7.0898714, 0.009849352, 0.0070647695, 0.0014925963, 1.8180942E-4, 0.008708616, 4.747357E-4
639, 6.9001827, 3.6058034E-4, 0.008480207, 0.008813813, 0.001349417, 0.0036430818, 0.00102564
640, 0.008602385, 0.0041309004, 0.0029201892, 0.005180712, 0.0067132884, 0.005163726, 0.009314509
641, 1.367869E-4, 8.6437847E-4, 0.008019753, 0.0034583006, 0.005479763, 0.0028449132, 0.003408271
642, 0.0070621283, 0.006018136, 0.004679905, 0.0015554327, 0.0034793757, 5.960217E-4, 0.0047041904
643, 0.0039759036, 0.0085206, 0.0067139445, 0.0013480365, 0.00648395, 0.00438301, 0.006969672
644, 0.0073286737, 0.0040119053, 2.3420059E-4, 0.009083306, 0.005897243, 0.0030871427, 0.0027255923
645, 0.008585312, 0.003808193, 0.0096644005, 0.008509852, 0.0021231086, 0.0027582778, 0.008418495
646, 0.008697909, 0.009781299, 0.0021848488, 0.004573171, 0.0021149996, 0.0068125883, 0.0015182375
647, 8.750292E-4, 2.0149999E-4, 0.008740852, 0.009250592, 4.1719343E-4, 0.0014531509, 0.008924817
648, 0.009513612, 6.7556056E-4, 0.007406581, 0.0043602353, 0.004250201, 0.005341198, 0.005349889
649, 0.0037504055, 5.201389E-4, 0.008315642, 0.0051743514, 0.0016893288, 0.007997457, 0.00858157
650, 0.009082171, 0.0041787666, 0.0012972638, 0.0055695022, 0.0032264877, 3.9417546, 0.005412356
651, 0.002111909, 0.009783724, 0.00608222, 2.4503967E-4, 0.0061092963, 4.0465508, 0.009156861
652, 0.0019871362, 0.0026285448, 0.007859357, 0.007448275, 0.004931254, 3.962997, 1.8277997E-4
653, 5.479271E-4, 0.0071889646, 0.009696341, 0.005540988, 2.0539315E-4, 3.986363, 0.0013240986
654, 0.007975092, 0.005166808, 3.0707484E-4, 0.008375086, 0.0062182187, 3.9252622, 0.0014457997
655, 0.0019548736, 0.0015224236, 0.009145433, 0.006752176, 0.007146782, 4.0398965, 0.0011828596
656, 0.008832177, 0.0044677826, 0.0053398963, 0.0033703973, 0.0053159483, 3.9471734, 0.008873941
657, 0.0035117338, 0.0033440231, 0.00784106, 9.4863336E-4, 0.004399001, 4.0319767, 0.009740714
658, 0.008394906, 0.006079615, 0.009800037, 0.009567363, 0.007994346, 4.030135, 0.0077111055
659, 0.007102583, 0.0032043038, 0.0033498744, 0.0070619723, 0.0015629393, 4.030381, 0.005585556
660, 0.002463543, 0.0027225798, 0.008844301, 0.007182014, 0.006872189, 3.9718494, 0.0023647193
661, 0.006016213, 0.005541323, 0.00905669, 0.002700912, 0.0079805525, 4.023611, 0.0044288184
662, 0.001803665, 0.008330013, 0.005683146, 0.0018033502, 4.7507248E-4, 4.050599, 0.008322296
663, 8.712675E-4, 7.585019E-4, 0.0077352626, 0.0021648789, 0.007905811, 3.9962237, 0.0029504385
664, 0.006493194, 0.0024370921, 5.144646E-4, 2.7574954E-4, 0.002998385, 4.048056, 0.005972875
665, 0.001751446, 0.004298994, 0.0055522528, 0.0010949153, 0.0037925448, 3.9596033, 0.0085535655
666, 0.001928011, 0.004375616, 0.00961777, 0.008758236, 0.007586846, 4.067599, 8.06972E-4
667, 0.003740268, 0.0077603906, 0.0032310558, 0.00934451, 3.5644913E-4, 3.9132333, 5.8648223E-4
668, 0.0021381984, 0.0049969624, 0.009256321, 0.0036257247, 6.719086E-4, 3.9711862, 0.0037327511
669, 0.0018894142, 0.0076595303, 0.00945654, 0.008069653, 0.0025597508, 4.0509186, 0.0033754709
670, 0.0014565741, 0.0069161933, 0.005609001, 0.0063533215, 0.0033411689, 3.9641848, 0.004492559
671, 0.0033280998, 0.00725355, 0.008830034, 4.012597E-4, 0.005295801, 3.953095, 0.0023186114
672, 7.5773115E-4, 0.009862182, 0.00443809, 0.004241809, 0.006648543, 3.9332902, 0.0074727284
673, 0.0071316143, 0.0037112907, 0.0032255051, 0.008516665, 0.0062879478, 3.975944, 0.0033187012
674, 0.004654474, 0.0071649365, 0.008579752, 0.0033650303, 4.7802695E-4, 4.0325646, 0.0076195616
675, 0.0018419287, 2.3895946E-4, 0.0059111156, 0.007581504, 0.0032518283, 3.9568825, 0.0042043584
676, 0.0043730657, 9.639227E-4, 0.009076184, 0.0062312307, 0.0022836456, 4.02695, 2.2317402E-4
677, 5.1790767E-4, 0.0017942702, 0.0036619802, 0.00846903, 0.0026109605, 3.9909196, 0.0074413097
678, 0.001171718, 0.004850822, 0.0062757554, 0.008852437, 4.4878363E-4, 4.0674214, 4.947559E-4
679, 0.009951586, 0.0055417996, 0.003895917, 0.0039296094, 0.00762912, 4.0210433, 0.0035291507
680, 0.003729573, 0.0025563007, 4.027474E-4, 0.0039294055, 0.0028133537, 4.0787973, 0.001096913
681, 0.004503374, 0.007945278, 0.0039285417, 0.0049963677, 0.0055752, 3.9462411, 0.007889395
682, 0.0019961132, 0.0033611644, 0.009802641, 0.004123947, 2.497083E-4, 3.9973447, 1.4812353E-5
683, 0.002884924, 0.009565086, 0.004300512, 0.006860054, 0.005031498, 3.9418762, 0.003874106
684, 0.009602327, 0.009284719, 0.007632658, 0.0015637869, 0.0071392246, 3.9736001, 0.009770573
685, 0.004374404, 0.0044051963, 0.0010300047, 0.0026822092, 0.008477858, 4.05827, 0.0055753477
686, 0.007612652, 0.005122945, 4.889222E-4, 0.0031844836, 0.009791137, 3.9446778, 0.0073459535
687, 0.0073245387, 0.0016756711, 0.005058317, 0.004264534, 0.0013338007, 4.0045724, 0.0054271803
688, 0.0076269982, 0.0011406621, 0.002109102, 0.001853995, 0.0028022835, 4.0339293, 0.0031189993
689, 0.009577206, 0.0057161106, 0.005275259, 0.0050464952, 0.0054393522, 4.016954, 0.008916073
690, 9.801423E-4, 0.0049484354, 0.001598704, 0.0077627175, 0.005098584, 4.023833, 0.0054377867
691, 0.006406572, 0.0016419885, 0.0027419617, 0.0014240248, 0.0029422352, 3.9741712, 0.0070229545
692, 0.009955289, 0.005818495, 0.0038057144, 0.0048284433, 0.007912534, 3.905789, 0.0044162343
693, 0.004971367, 0.0050786394, 0.0031988565, 0.0061997473, 3.9258832E-4, 4.0714784, 0.003000253
694, 0.003922191, 0.0026350962, 0.0026856058, 0.0011136028, 0.0076909745, 3.9890811, 0.006379566
695, 0.004780525, 0.009654251, 0.0070014694, 0.004388322, 0.0039033962, 3.9483259, 0.004648304
696, 0.008489241, 0.008773046, 3.9955974E-4, 0.007952122, 0.007317563, 3.9671745, 0.0068154274
697, 0.0053980406, 0.004219908, 0.0063309614, 0.0083767995, 0.005111036, 3.9293299, 0.004024448
698, 0.0049534803, 6.1167986E-4, 0.0020843819, 0.008824666, 0.008967459, 4.0250697, 3.7469526E-4
699, 0.006284697, 0.007006615, 0.009163027, 0.0013156896, 0.0066802474, 3.9655633, 3.4064686E-4
700, 0.004341329, 0.0049974294, 8.0308947E-4, 0.009412157, 0.0042489395, 3.9243908, 0.007556322
701, 0.009266832, 0.008040163, 0.0050499663, 0.0047968174, 0.0017745928, 4.0285654, 0.007246009
702, 0.009423594, 0.007861925, 0.009179359, 0.00482521, 3.5813943E-4, 3.9367754, 0.008314367
703, 0.003325097, 0.0065071736, 0.005497061, 0.007532791, 0.007509069, 3.9277546, 0.0055324244
704, 0.0064973356, 0.006198795, 0.004154518, 0.008097228, 0.0010777069, 3.990053, 0.0075228317
705, 1.173392E-4, 0.0017611124, 0.009535308, 0.004532635, 3.8664244E-4, 3.9987545, 0.0060465015
706, 0.009159486, 0.007734178, 0.0026688632, 0.00670579, 0.005355326, 3.940353, 0.008573822
707, 0.009516342, 0.006105478, 0.00516632, 0.002780195, 0.0062845736, 4.091816, 0.0039599147
708, 0.009426561, 0.00264537, 0.0078149, 0.0064338422, 0.0036403246, 4.0470505, 0.0023845236
709, 0.0093008205, 0.0031916553, 0.00855869, 0.006746296, 0.007107682, 3.9129593, 0.004982522
710, 0.008524019, 0.0045597292, 0.0040623876, 0.006301027, 0.008340814, 3.9822915, 0.0057347594
711, 0.0055512893, 0.0070885727, 0.0033040722, 2.512882E-4, 0.005891101, 3.9131823, 0.0012564311
712, 0.004589032, 4.9138075E-4, 0.003906515, 0.0058069844, 0.0028640036, 4.0943546, 0.006604668
713, 0.00805438, 0.0060567353, 0.0015101384, 0.005758986, 0.0062603382, 4.051297, 9.215142E-4
714, 0.0069818064, 0.0022546158, 0.007102342, 0.009272032, 0.007360951, 4.021535, 0.0044550565
715, 0.0026118422, 0.009495413, 0.0010495279, 0.0066125286, 0.0068059973, 3.982393, 0.0012894255
716, 0.0044319155, 0.002857132, 0.0033509969, 0.008794532, 0.005125458, 4.0434, 8.383327E-5
717, 0.0033045264, 0.0021026456, 0.009651025, 0.005972399, 0.006387544, 3.9460382, 0.003518369
718, 0.004874942, 0.0072690765, 0.003694789, 0.0011454006, 0.0036751337, 3.99769, 0.0056619835
719, 0.007916561, 0.0021358153, 0.0066820174, 2.1054676E-4, 0.009647004, 3.9861784, 0.0031779471
720, 0.009547458, 0.006349734, 0.009226964, 0.007884347, 0.00891967, 3.9878738, 0.009131832
721, 0.0085389055, 0.009897168, 0.009119376, 0.0066448846, 0.009310111, 4.058849, 0.009384327
722, 0.009160026, 0.008375822, 0.00526366, 0.0069239526, 1.4679154E-5, 4.0781736, 0.0046377084
723, 0.003221441, 0.0027739485, 0.0052474183, 0.0011266762, 0.0011186588, 4.045697, 0.0077413805
724, 1.823138E-4, 0.004055659, 0.00756575, 0.0067198663, 0.009995354, 4.0051, 0.008822171
725, 0.009024476, 0.006885532, 6.83502E-4, 9.49563E-4, 6.3187355E-4, 3.9527185, 0.0033328694
726, 0.009344207, 0.006852706, 0.0052105193, 0.0069801086, 0.0020378479, 4.028133, 0.0013959617
727, 0.009248383, 0.0056476872, 0.00825978, 0.0016320728, 0.0075334352, 4.037147, 0.007882327
728, 0.002243232, 0.001319528, 0.0034401522, 0.0072345017, 1.3135382E-4, 3.9637988, 0.0025819493
729, 0.00952733, 0.008343243, 0.009648196, 0.0016029235, 5.8003375E-4, 4.0642614, 0.0050580218
730, 7.8180886E-4, 0.0026173769, 0.0033670175, 0.0034759606, 0.0034531292, 3.9791887, 0.0030162935
731, 0.0071116355, 0.008543981, 1.8804602E-4, 0.008926665, 0.0047415555, 3.9837327, 0.004095953
732, 0.0053366343, 0.0018442197, 0.00337494, 0.0042870604, 0.0061833356, 3.910868, 0.007106522
733, 0.0025038342, 0.0023844054, 0.003663422, 0.006651248, 0.0054453113, 3.9564993, 5.086699E-4
734, 0.002854427, 0.004810894, 0.006969767, 0.009024833, 0.0047067218, 4.0865393, 0.0053074537
735, 0.0018456393, 1.3672677E-4, 0.0045022243, 0.0038127592, 0.0038990793, 3.9230325, 0.0039250823
736, 0.0062097, 0.008805595, 0.0017192055, 0.008599917, 0.0059226654, 3.988915, 0.006362034
737, 0.005484698, 0.0041392497, 0.0064686444, 0.0037385253, 0.0022009218, 4.037902, 0.004068207
738, 0.003356214, 0.009204287, 0.0047674333, 0.0027173236, 0.007991472, 3.9586816, 0.007313986
739, 0.0031084432, 2.174403E-4, 0.009055319, 0.009159173, 0.00903712, 4.000084, 0.0027447555
740, 0.005228149, 0.008770847, 0.008669457, 0.008928567, 0.0055194693, 4.096643, 0.007550285
741, 0.008063055, 0.0046071615, 0.0018266487, 0.009353357, 0.0021313827, 3.9703698, 4.320294E-4
742, 0.0076423925, 0.009616476, 0.0013874274, 0.007980491, 0.007633365, 3.9199827, 0.0067602205
743, 0.004043054, 8.103887E-4, 0.008516773, 6.5440824E-4, 0.004865711, 3.9140515, 0.0027619393
744, 0.0062309946, 0.0052426723, 0.0011186915, 0.0054556644, 2.8944612E-4, 4.045772, 0.0044592
745, 0.0015245709, 5.215617E-4, 0.0040588886, 0.0011636812, 0.0034915973, 3.9570127, 0.003796098
746, 0.0017728761, 0.0062838993, 0.008044655, 0.0020221171, 0.0046479814, 3.923572, 0.0075434153
747, 0.0011247746, 0.0049626236, 4.5013515E-4, 0.009427381, 0.0016540571, 4.055127, 0.0075555244
748, 0.0012451195, 0.003622183, 0.004430491, 0.008404612, 0.005529073, 3.9910476, 0.009608514
749, 0.00772206, 8.305879E-4, 0.0096901255, 0.0065969597, 0.008343615, 3.9999835, 0.006627992
750, 0.0029941923, 8.1170583E-4, 0.003067363, 0.007832602, 0.0074331737, 4.0704823, 0.001842881
751, 0.0056058094, 0.002235732, 0.0014421352, 0.0016318558, 0.008374613, 3.9083586, 8.586941E-4
752, 0.0011225934, 2.9165647E-4, 0.0035985599, 0.008807203, 0.007906436, 4.013977, 0.006024106
753, 0.008299045, 0.0031026003, 0.0087433, 0.009309827, 0.0047829165, 4.0493016, 8.875796E-4
754, 0.008451738, 0.00496325, 0.0015451923, 0.006875316, 0.007175538, 4.010713, 0.009304501
755, 8.890984E-4, 0.0055999076, 4.4225308E-4, 0.0040457905, 0.0055816323, 3.9723756, 6.0020486E-4
756, 0.0011812464, 0.0053639445, 0.0060508875, 0.0022367798, 0.009954976, 3.926298, 0.0023357435
757, 8.061348E-4, 0.009308108, 0.0041963123, 0.007114996, 0.002768035, 3.925508, 0.0010976348
758, 0.004010731, 0.009109146, 0.007672136, 0.0036918996, 0.006597075, 4.002853, 0.004090144
759, 0.009821556, 0.0035423134, 0.008161385, 0.0071293786, 0.005715529, 3.943548, 0.0024730754
760, 0.0073840753, 0.0014285622, 0.005594102, 0.0011328257, 7.3504605E-4, 0.0025984207, 0.0011918322
761, 0.00463107, 0.0050097904, 0.004020547, 2.9456033E-4, 0.009706772, 0.0017525224, 0.0011354358
762, 0.009488026, 0.005659043, 0.0060621714, 0.0026822123, 0.004154788, 0.009983681, 0.0073490124
763, 0.0014925904, 0.0037504975, 0.004005111, 0.00781565, 6.8259944E-4, 0.0021319396, 0.0014886287
764, 0.0034856505, 0.009345168, 0.007667382, 0.007094858, 0.0046832217, 0.0052548577, 7.210865E-4
765, 0.00697772, 0.009009878, 0.0020667324, 0.00802767, 8.292189E-4, 6.914419E-5, 0.005024577
766, 0.0044583282, 0.0032387709, 0.009457908, 0.0022893518, 0.0027297607, 0.0023617744, 0.007873113
767, 0.008656992, 7.1797747E-4, 0.005581554, 0.0035750766, 0.0046553602, 0.0042129755, 0.005100786
768, 0.002903754, 0.0067933663, 1.8661907E-4, 0.0012129429, 0.008061916, 0.004080953, 0.0019448709
769, 0.00738127, 0.001959214, 0.001846884, 0.002896867, 0.009192247, 0.008553733, 0.0063519375
770, 9.713897E-5, 0.00875243, 0.009832693, 0.0027283388, 0.0022036228, 0.007162066, 0.007341533
771, 0.00437195, 0.009042927, 3.257567E-4, 0.0070007066, 0.004071953, 0.0015856512, 0.00754997
772, 8.4207935E-4, 0.00588345, 0.0018083765, 0.008129109, 0.008251902, 0.0020316278, 0.0016552877
773, 0.008436307, 0.0023249188, 9.81808E-4, 0.009111198, 9.1209274E-4, 0.0040142382, 0.0012179437
774, 0.0072590876, 0.006783478, 0.007904174, 2.4279155E-4, 0.009119097, 0.0063480414, 0.008638347
775, 0.009846216, 0.007052229, 0.004221954, 0.006302917, 0.0067837727, 5.608605E-4, 0.0020779178
776, 0.0023948764, 0.0026659267, 4.2948322E-4, 0.0080883885, 0.0053979433, 0.008078961, 3.229153E-4
777, 5.4144725E-4, 0.006443641, 0.0037418376, 0.009195569, 0.0029111034, 0.00105275, 0.005848975
778, 0.009164174, 0.009040794, 0.0025323848, 0.0036571028, 0.0038576915, 3.828077E-5, 0.0062465332
779, 0.004845073, 0.0016819792, 0.008982096, 0.0016829693, 0.00820869, 0.006923095, 0.005604167
780, 0.0010070251, 0.0038483443, 0.009161959, 7.4016367E-4, 0.008622804, 0.008165423, 0.008084425
781, 0.009528602, 0.0061549675, 0.004704181, 0.0064446093, 0.0030916673, 0.0012193283, 0.0021589606
782, 0.008675724, 7.4518484E-4, 0.0063680527, 0.0077123414, 0.0064414, 0.008662113, 0.0066753523
783, 0.0072780205, 0.0052818754, 0.0063533913, 5.7212554E-4, 0.004192913, 0.008433249, 0.009331927
784, 0.008743082, 0.0044361656, 0.0048842863, 0.0048899525, 1.6747738E-4, 0.009548497, 0.008784141
785, 0.008046957, 0.0027146311, 0.008083457, 0.006425656, 0.006414811, 0.008098029, 0.0026429172
786, 0.005202731, 0.005978711, 0.0074468283, 0.0023323002, 0.0061766114, 0.004606962, 0.0042712227
787, 0.009816769, 0.008184721, 0.0064796302, 0.00617815, 0.008067777, 0.0067870426, 0.008565496
788, 0.0053364416, 0.0043601235, 0.0057688514, 0.009778729, 3.9557167E-4, 0.008112801, 0.0024049382
789, 0.004511153, 0.009329748, 0.004762702, 2.3929279E-4, 0.0048628943, 0.0035091604, 1.838077E-5
790, 0.0047455407, 8.3706684E-5, 0.008192784, 0.007561818, 0.007907261, 0.0074891737, 0.0035922201
791, 0.008549326, 0.007493631, 0.0064304783, 0.0036736154, 0.0031084183, 0.005604678, 0.0057733534
792, 0.006944801, 0.002435702, 0.0089217555, 0.005781307, 0.0046173567, 0.0050715255, 2.2666913E-5
793, 0.0073001445, 0.006738385, 0.0024603368, 0.005107208, 0.0047052815, 0.006154372, 0.0070013963
794, 0.008527721, 0.004200286, 0.0034995608, 4.527069E-4, 0.008630579, 0.005744544, 0.003793877
795, 0.0017717079, 0.002588343, 0.005139885, 0.006690499, 0.0012595039, 1.3868518E-4, 0.0026204865
796, 0.007930744, 0.0022210835, 0.007444962, 0.0056672897, 0.009144046, 0.0022621993, 0.0026546894
797, 0.006707644, 0.006773332, 0.0038142754, 0.0041559627, 8.628332E-4, 0.00861124, 0.007511919
798, 0.0010182294, 0.004970601, 0.008200144, 0.002643309, 0.0026526148, 0.0067367335, 0.0031790696
799, 0.0060519404, 0.0013383599, 0.0020592234, 0.0035531386, 0.004588909, 0.006935733, 0.009320483
800, 0.009816279, 0.006498121, 0.007842127, 0.0017575293, 0.008875488, 0.003962514, 0.0060468675
801, 0.0028970274, 0.007805045, 0.0024475807, 0.007001585, 0.0054815076, 0.0016016194, 0.0024491954
802, 0.0069468482, 0.0013150563, 0.0013163253, 0.005785934, 0.0013220642, 0.008021202, 0.003207327
803, 0.0016717925, 0.007934487, 0.008832704, 0.007886697, 0.007463405, 0.007674514, 0.0032223677
804, 8.2779047E-4, 0.0051965746, 0.003738255, 0.009435994, 0.0020544978, 0.0078101177, 0.007554717
805, 0.004803016, 0.0033512919, 0.008300746, 0.0059137433, 0.006077312, 0.005913082, 9.608899E-4
806, 0.009152202, 1.625307E-7, 0.009996461, 0.0063221008, 0.004679727, 0.0037792518, 8.390016E-4
807, 4.5983228E-4, 0.003611658, 0.0062420834, 0.0018808489, 0.0049111485, 8.25637E-4, 0.0030491173
808, 0.007152926, 0.0056150723, 3.6966827E-4, 0.0035414004, 0.009588648, 0.008006014, 0.008823255
809, 0.0025494131, 9.71118E-4, 6.7391223E-4, 0.008949572, 0.007804301, 0.0022453696, 0.0018504285
810, 0.0047754487, 0.002469626, 5.2678383E-6, 0.0013887325, 0.007097272, 0.0027512102, 0.0061072963
811, 0.005875127, 0.00533475, 0.0025446136, 0.0025685087, 0.006043957, 0.0076407897, 6.442252E-4
812, 0.0031735105, 0.0037629574, 0.006224597, 0.0011649128, 0.00654542, 5.1438855E-4, 0.008956398
813, 0.004516624, 0.0028283233, 5.180216E-4, 0.001496053, 0.0045242785, 0.007583831, 0.00942523
814, 0.006424124, 0.007099762, 0.002021909, 0.0038591549, 0.007152805, 0.007249765, 0.008266241
815, 0.007984103, 0.0047554527, 0.0041426723, 0.0019969628, 7.5805985E-4, 0.005277267, 0.00845967
816, 0.0025186664, 0.001555374, 0.0035760286, 0.0023196712, 0.0020691878, 0.0024424056, 0.007290589
817, 0.009694637, 0.002014722, 0.002547104, 0.0011461794, 0.0044212965, 0.0034694308, 0.0036842057
818, 0.007479394, 0.003667251, 0.003832761, 0.0066809338, 0.0036020656, 0.0070238784, 0.008755274
819, 0.004693787, 4.2204894E-4, 0.0052754185, 0.0011238768, 0.0032152145, 0.009600278, 0.008333066
820, 0.0047999, 0.0064396616, 0.008447285, 0.00882486, 0.0010485783, 0.006191698, 0.002748684
821, 0.006396606, 0.009866033, 0.0027146137, 0.007757978, 0.007906016, 0.006739959, 0.0062761
822, 0.0067063444, 3.817126E-4, 0.0077727865, 0.0047683157, 0.004352906, 0.0068706935, 0.002551166
823, 0.005262848, 3.353115E-4, 1.1230902E-4, 0.004663208, 0.006826787, 0.0033792846, 0.005353745
824, 0.004344981, 0.007814324, 0.0027871155, 0.00156148, 0.006380352, 0.003319001, 0.008048913
825, 0.009785113, 0.009083333, 0.0075049214, 9.0676046E-4, 0.008494431, 0.0069596805, 0.001130965
826, 0.006750723, 0.008337537, 4.7454773E-4, 0.0067402185, 0.003837033, 0.0029572789, 0.001245614
827, 0.0027075703, 0.009492547, 0.008255248, 0.009936144, 0.00262159, 0.0022059449, 0.009806969
828, 0.007140036, 0.008322541, 0.0073049394, 0.007008953, 0.004631003, 0.0033265646, 0.0017801155
829, 0.002977659, 0.005490572, 0.00833678, 7.39826E-4, 0.001222427, 0.0068347123, 0.0020752437
830, 0.0039669103, 0.003678848, 0.008126448, 0.008765433, 0.0060968306, 0.009816022, 0.0013918924
831, 0.008253089, 0.008048145, 0.003220594, 0.0070497454, 0.0059739863, 5.1006576E-4, 3.1241198E-4
832, 5.19331E-4, 0.007760396, 0.0025281748, 0.0056611123, 2.8986865E-4, 0.008823692, 0.009528214
833, 0.009749876, 0.0077137314, 0.0071587693, 0.0054791667, 0.007972076, 0.0024290236, 0.00908666
834, 0.0033207056, 0.004148447, 0.0050218874, 0.008684897, 0.0062663862, 0.007916929, 3.0653915E-4
835, 0.0034509117, 1.4280976E-4, 0.002974213, 4.3109318E-4, 0.0057019563, 0.0035362963, 0.0023375254
836, 0.0069098272, 0.0029357062, 0.008192446, 0.0075471206, 0.0046376116, 6.5895315E-4, 0.0068502873
837, 0.0010444028, 0.008959805, 0.008037465, 0.009491538, 0.004837556, 0.008951002, 1.2830284E-4
838, 0.0018468483, 0.004006012, 0.006198585, 4.265973E-4, 0.0019247032, 5.9704063E-4, 0.008592127
839, 0.003991975, 0.0013149959, 0.0020322022, 0.0028872495, 0.00451554, 0.008068123, 0.008268342
840, 0.0081426455, 0.00834651, 0.007061768, 0.0036472878, 0.0045215203, 0.0047183256, 0.0019413684
841, 0.0026203208, 0.008403815, 0.0041972212, 0.009956598, 0.0033479994, 0.0052731363, 0.006721996
842, 0.00731502, 0.009552813, 0.0064223967, 0.0065118866, 0.008035383, 0.008941635, 0.004164752
843, 0.0035901612, 0.0037068888, 0.0060168793, 0.0029414978, 7.0426404E-4, 0.005047053, 0.008159725
844, 4.8616735E-4, 1.9031715E-5, 0.008699642, 0.006495717, 0.004034146, 0.0061177136, 0.004325463
845, 0.007242522, 0.0014597059, 5.662241E-4, 0.0077126557, 0.0049915523, 0.0061774226, 0.008579265
846, 0.005369409, 0.00668963, 0.0076625487, 1.7266057E-4, 0.0048609064, 0.0039638313, 0.006524951
847, 0.00659443, 0.0030135922, 0.0018720782, 0.0042138407, 0.00779787, 0.0010337047, 0.0041640154
848, 0.002635571, 0.008253067, 0.0015733333, 0.008701165, 0.008234376, 0.0064890054, 0.007826096
849, 0.001812292, 0.008415994, 0.0084166275, 0.008845857, 0.007049373, 0.005586686, 0.0057038893
850, 0.008455732, 0.0020615237, 0.005535269, 0.0082570845, 0.007350956, 0.0071186707, 0.002403326
851, 0.0042084004, 0.009298027, 1.9373481E-4, 0.0020688546, 0.0017178557, 0.002693845, 0.006451517
852, 0.009411192, 0.0043685148, 0.008172418, 0.0044944584, 0.0026301213, 0.0059670326, 0.0014330235
853, 0.0077798776, 0.009559661, 0.0011573097, 0.008012531, 0.007250252, 0.006747094, 0.005413243
854, 0.0033359532, 4.0756675E-4, 0.0019603895, 0.001697248, 0.007053072, 0.0028146917, 0.004742246
855, 0.0013544379, 0.0054053664, 3.2122456E-4, 0.0076465528, 0.0036580537, 0.009166254, 0.0041881627
856, 0.0028731537, 0.0018299291, 0.007559015, 0.006725248, 0.005159371, 0.0033304903, 4.8057653E-4
857, 0.0020567572, 0.0019918329, 0.008745986, 0.0023456784, 0.0051959828, 0.006469709, 0.006696353
858, 9.147597E-4, 0.0027355887, 0.006480561, 0.0018453081, 0.003580234, 1.5048911E-4, 0.006242573
859, 0.009314993, 0.001759657, 0.0039618397, 0.002722005, 0.0015906716, 0.0012806101, 0.0018251983
860, 0.009952319, 0.0033466814, 0.002940953, 0.009982851, 0.008861456, 0.0055330866, 0.0027894326
861, 0.0054597664, 0.008856377, 0.0025331203, 0.006095457, 0.0098845735, 1.1900063E-4, 0.0052347556
862, 0.0024631724, 0.0028814434, 0.0023353107, 0.008455432, 0.0020938125, 0.0056056767, 0.006409422
863, 0.0033171545, 0.0048116143, 0.009185265, 6.0702366E-4, 0.0038899144, 0.004142426, 0.0085826535
864, 0.001527661, 0.0027045496, 0.008470454, 0.0097053815, 0.0033229196, 0.0015818961, 9.743508E-5
865, 0.0064712106, 0.005657634, 0.0026332638, 8.898366E-4, 0.0049728453, 0.002053838, 0.009257988
866, 1.2352287E-4, 0.0038892627, 0.0054622353, 0.008496998, 0.0061216517, 0.0038551458, 0.0071735685
867, 0.004197057, 0.0083303945, 0.003626854, 0.008512319, 0.0050985273, 5.8839616E-4, 0.0075728334
868, 0.0021477651, 0.0031802203, 0.009519729, 0.007268304, 0.0013124952, 0.005378082, 0.004216413
869, 0.009788525, 7.360628E-4, 0.00614019, 0.004675412, 0.0066719013, 0.0026815268, 0.009188723
870, 0.006816329, 4.636123E-4, 0.0051152213, 0.004330264, 0.0013298749, 2.5245297E-4, 0.0067451643
871, 0.00918903, 0.00209349, 0.0036779745, 0.005431096, 0.0063332836, 0.0074393377, 5.12E-4
872, 0.002299214, 0.0034234133, 0.0041712197, 0.0021080312, 0.0037872575, 0.0077308724, 0.00990078
873, 0.0017640193, 0.0078006582, 0.006660349, 0.004009706, 0.0033584198, 0.008178069, 0.002753264
874, 0.0013434482, 0.009496415, 0.0037446427, 0.00505888, 0.0056033274, 0.0058426284, 0.0043740324
875, 0.008730032, 0.0013277056, 0.00531862, 0.0066851373, 0.0012336574, 0.004339238, 0.004407893
876, 0.006267221, 0.0066620396, 5.8405276E-4, 0.0039381124, 0.0016570892, 0.009288867, 0.0024000187
877, 0.008399664, 0.0076846024, 0.0037349113, 0.009425114, 0.0011116675, 0.0022578738, 0.0018913365
878, 0.008593206, 0.0073609697, 0.0011770747, 0.0060943533, 0.003963414, 0.0040166504, 1.4586493E-4
879, 0.003953137, 0.0024905186, 0.0020619675, 0.0017920198, 0.0027036206, 0.006267751, 0.007987668
880, 0.008213928, 0.009993997, 0.0052595804, 0.0010550208, 0.0063371905, 0.0036034514, 0.007090982
881, 0.0060638865, 0.0041956524, 0.0047538416, 0.0020709708, 0.005450592, 0.001143746, 0.008394784
882, 0.0023020322, 2.9233354E-4, 0.00396214, 0.009125755, 0.0034633966, 0.0071092774, 0.003836238
883, 0.0032645592, 0.0066549387, 0.0062324936, 0.006267152, 0.0059797047, 0.005549811, 0.007945292
884, 0.0071173767, 0.0073749274, 0.0010277451, 0.0046075066, 0.0031984355, 0.0029473144, 0.0014472865
885, 5.367108E-4, 0.005075373, 0.0019361749, 0.0017640555, 0.0065472918, 0.00309304, 0.0017380151
886, 0.008813453, 0.0027378, 0.00502168, 0.007783673, 0.003250063, 0.0013688969, 0.0051744357
887, 0.006056875, 8.723207E-4, 0.0014887182, 3.6693815E-4, 0.009779173, 0.007359864, 0.008339393
888, 0.0076692426, 0.0026944347, 8.122883E-4, 0.0035179304, 0.002542946, 0.008856751, 0.0059018717
889, 0.0063666296, 0.0036613913, 0.0028588423, 0.0019391631, 0.0031326292, 0.0024784617, 0.005033721
890, 0.00469914, 0.008063152, 0.0014415192, 0.0033206185, 0.008466994, 0.009792482, 0.0046366486
891, 0.0072068237, 4.364104E-4, 0.0071286093, 0.00860942, 0.009440352, 0.004329538, 6.6201773E-4
892, 0.009121981, 0.008054009, 0.003906697, 4.95942E-4, 0.0016873587, 0.0046496456, 0.009895162
893, 0.005836961, 0.009864422, 0.0048621176, 0.0057902196, 0.009186693, 0.00550206, 0.0034556144
894, 0.00896801, 0.0064398316, 0.009388675, 0.0096007865, 0.0035984956, 0.0043207244, 0.009093191
895, 0.0075392653, 9.58228E-4, 0.008280116, 0.0031763474, 0.004062874, 9.1640896E-4, 0.0072256746
896, 0.0074061374, 0.007018056, 0.0056040757, 0.0062743314, 0.009128803, 0.008391727, 0.002575063
897, 0.005091452, 5.2690663E-4, 0.0014429527, 1.2872566E-4, 0.0073212837, 1.3855375E-4, 0.0038156072
898, 0.0018882325, 0.0061150906, 0.0047169426, 0.0076002926, 0.0012145701, 0.0018278434, 2.769662E-4
899, 0.0029095802, 0.008585227, 5.812706E-4, 0.0020056937, 0.0036887787, 0.006677845, 0.006580545
900, 0.0076061296, 0.0032051792, 0.008572977, 0.0068238247, 0.0075987214, 0.0019418979, 0.0042263824
901, 0.004158323, 0.009122672, 0.0024681643, 0.009160159, 0.0035135353, 0.0068591824, 0.0042660935
902, 0.0071833064, 0.0065817004, 0.005841349, 0.006464684, 0.005876165, 0.0022175375, 0.0061204797
903, 0.007964995, 0.009559485, 0.0033937355, 0.008526219, 0.00253615, 0.009517736, 0.006675644
904, 0.0040879073, 0.0011200194, 0.0053575477, 0.0068680504, 0.0070772083, 0.0048031444, 0.004556068
905, 0.0077388994, 0.0030870966, 0.009697657, 0.00949028, 0.009539242, 0.009079889, 0.009318666
906, 0.0025372067, 0.005415679, 0.0019170754, 9.537588E-4, 1.962206E-4, 0.001750994, 0.0055262763
907, 0.009991025, 0.0066085346, 0.001970643, 0.004565755, 2.0512241E-4, 0.005335249, 0.009417204
908, 0.0042144554, 0.008596714, 0.0058041774, 0.0025218625, 0.0015456546, 5.3871406E-4, 0.007447003
909, 0.004691435, 0.0038348585, 0.0047035497, 2.2212742E-4, 0.0020814233, 0.003107681, 0.007528815
910, 0.004954921, 0.0047400007, 0.004250998, 0.003824404, 7.2590617E-4, 4.848259E-4, 0.006090768
911, 0.003532419, 0.009398723, 0.0063140057, 9.824695E-4, 0.0046218447, 0.009303575, 0.009154492
912, 0.0086651975, 0.008633188, 0.001078156, 0.0063156495, 0.004398038, 0.008483987, 0.00871691
913, 0.0061426884, 0.009727405, 0.007804284, 0.007990794, 0.0010540988, 0.0066266223, 0.007291879
914, 0.0025735402, 0.008399185, 0.002204091, 0.006360375, 0.005446734, 0.009386254, 0.0016939814
915, 0.007698717, 0.009454887, 0.0027089524, 0.0020234429, 0.008269153, 0.006242965, 0.0074377134
916, 0.0068929284, 0.0027412286, 0.0072326898, 0.009245221, 0.0070112874, 0.0043926477, 0.0037802607
917, 0.005099251, 0.005894873, 0.00410351, 0.006206949, 0.0041832062, 0.0024699792, 2.2867243E-4
918, 0.003005377, 0.006994116, 0.0066105095, 8.5364847E-4, 0.0021980898, 3.198144E-4, 0.002697844
919, 0.0052226973, 0.006561384, 0.0031114775, 0.009307467, 0.0029734299, 0.003226165, 0.007144645
920, 2.069826E-4, 0.008220475, 0.0060289423, 0.006801309, 0.0029927243, 5.0145655E-4, 0.0059099034
921, 0.0043075983, 0.0068972544, 0.0061317217, 6.413266E-4, 3.2604794E-4, 5.676105E-4, 0.0016099748
922, 2.1842154E-4, 0.0049284, 0.003944249, 0.005375173, 0.008356027, 6.643167E-4, 0.0057632034
923, 0.0054357336, 0.0037084073, 0.0076933615, 0.00965906, 0.008175324, 0.0066657234, 7.6204404E-4
924, 0.007363932, 0.007985185, 0.008879592, 0.009184681, 0.0070776753, 0.008281165, 0.003031452
925, 0.003926278, 0.008727202, 0.0019343328, 0.009781317, 3.8759934E-4, 0.005537785, 0.003177229
926, 0.0073207812, 0.0015570173, 0.003106853, 0.0036435556, 0.0065030176, 0.003820732, 0.0030008436
927, 0.002357258, 0.0011338005, 0.0069123604, 0.0077882614, 0.0032077003, 0.008681426, 2.3487379E-4
928, 0.008377169, 0.0037308075, 0.0013997426, 1.02303726E-4, 0.0025429036, 0.0058617694, 0.0016573087
929, 0.006325602, 0.005611917, 0.0027330958, 0.008127045, 0.0020064767, 4.1018432E-4, 0.0055625136
930, 0.0014145591, 0.007404988, 0.0037897252, 0.0012084139, 0.008689668, 0.0073111514, 0.0013143548
931, 0.004066236, 0.0069344454, 0.0014777223, 1.5850932E-5, 0.0056374064, 0.0035324804, 0.009360819
932, 0.0015243209, 0.0013231281, 0.0010978347, 0.003666975, 0.0043316064, 0.0067785387, 6.7852595E-4
933, 0.0020196608, 0.0044641625, 0.0055084457, 0.0037682024, 0.0024352996, 0.008421914, 0.005294059
934, 0.008920977, 0.0062382095, 8.821721E-4, 0.003510837, 0.0031882415, 0.0015458933, 0.0023727808
935, 4.3077162E-4, 0.0020826, 0.0015205363, 0.008886225, 0.0051981374, 0.0043228813, 0.004209524
936, 0.0062365215, 0.0013259321, 0.009225535, 0.004987252, 0.0068532987, 0.0072809434, 0.00528153
937, 0.008362442, 0.005662524, 0.003008576, 0.008194204, 0.0032296518, 0.0047209486, 0.0050942763
938, 0.005452355, 0.0045205853, 0.0033513862, 0.0016665966, 0.0023741645, 0.0046503088, 0.0016685503
939, 0.003117648, 0.0014814103, 1.5538576E-4, 5.9022347E-4, 0.0062498795, 0.003049714, 0.0024854287
940, 6.9613237E-4, 0.007553846, 0.009729426, 0.007036504, 0.0056269723, 0.0059798113, 0.002243067
941, 0.0012042826, 0.0031085985, 0.006786744, 0.0063390704, 4.8678668E-4, 0.00814149, 0.0058354726
942, 0.0034179075, 0.0014810245, 0.00841316, 0.008038454, 0.008545498, 0.001994774, 0.0015712718
943, 0.0045868275, 0.009930137, 0.0014342121, 0.0076377904, 0.0010461295, 0.0033629993, 0.009130059
944, 0.007549592, 0.0024452235, 0.0036086217, 0.0043293363, 5.78508E-4, 0.002078743, 0.0022805568
945, 0.009206818, 0.009213887, 0.007901511, 0.008348769, 0.005439681, 0.00998331, 0.004114129
946, 0.0030991288, 0.0056408276, 0.0026421905, 0.005822104, 0.006101718, 0.0032608157, 0.0081805615
947, 0.0014966278, 0.0025434669, 0.00844526, 0.008175428, 0.0013732753, 0.0051419865, 0.0027740404
948, 0.004159653, 0.009895629, 0.0057812836, 0.0028106046, 0.0058833966, 0.0068440265, 0.0029963641
949, 9.540951E-4, 0.0016117477, 0.0048853303, 0.0014825796, 0.0022139957, 0.0019322231, 9.3782024E-4
950, 2.0834162, 4.03699, 9.38415E-4, 0.0049660257, 4.034012, 0.0050032744, 4.09815
951, 1.9049524, 4.08896, 0.003999429, 7.3598046E-4, 4.0503936, 0.0031666523, 4.0479217
952, 2.0588186, 4.0290003, 0.0037993293, 0.0051766764, 3.9656196, 0.0073129865, 4.0770288
953, 2.0073166, 4.033632, 0.009495078, 9.213645E-4, 3.9312298, 0.008901415, 4.048318
954, 2.0282876, 3.9333231, 0.0019709114, 7.7867083E-4, 3.9172611, 0.002732851, 3.9657257
955, 2.0429425, 3.9405334, 0.003973302, 0.009038358, 3.9620845, 0.0087744715, 3.9051144
956, 2.060701, 3.903983, 0.003424454, 0.0016005707, 3.942309, 0.0015239096, 4.0533614
957, 2.0703905, 4.0055933, 0.0076038637, 0.002054463, 3.901836, 0.004653429, 3.984326
958, 2.0163865, 3.9451299, 0.0048634466, 0.0015471632, 3.9402506, 0.0035453523, 4.0241313
959, 2.0109637, 4.066634, 0.0019425859, 0.005722404, 4.0702744, 0.0034413757, 4.007439
960, 4.2812445E-4, 0.009494404, 0.00518992, 0.007522037, 0.008126746, 7.713964E-4, 0.0071797343
961, 0.007258787, 5.856716E-4, 0.005376622, 0.004053256, 0.008292177, 0.008580186, 0.0058440715
962, 0.0069076917, 0.009900034, 0.006465861, 0.0073998696, 5.8546104E-4, 0.008263385, 0.0070073516
963, 0.0010899766, 0.0083580185, 0.0032416328, 0.0066091646, 0.00814244, 0.0067121186, 0.008134772
964, 9.865338E-4, 0.0072258925, 0.008621386, 0.0027906045, 0.0052696294, 0.0065491814, 0.0084223915
965, 0.0027293782, 5.519124E-4, 0.0095927045, 0.0052132704, 8.3524035E-4, 9.735043E-4, 0.00667026
966, 0.0045542386, 0.003603317, 0.001573041, 0.0044908975, 1.7319078E-4, 9.332173E-4, 0.0073465426
967, 0.0024234676, 0.008365892, 0.007024191, 0.008219418, 0.007262271, 0.0078291185, 5.4132066E-5
968, 0.0029677956, 0.007950415, 0.0067763957, 1.4074087E-5, 0.007517954, 0.007938179, 0.007359857
969, 0.007321766, 0.009507704, 0.005636904, 0.004658029, 0.009652387, 0.0015111456, 0.0027746134
970, 0.0037882088, 8.0139644E-4, 0.009908309, 0.0063677933, 0.004063418, 0.0033339725, 0.00502377
971, 0.0024944355, 0.0035377364, 0.0062774606, 8.63386E-4, 0.009086681, 7.701581E-4, 1.7767676E-4
972, 0.009545914, 5.570806E-4, 0.003185942, 0.0044668927, 0.006356316, 0.009230704, 0.0030257448
973, 0.0062807663, 0.0062401486, 0.007276036, 0.0025466646, 0.0056134393, 0.001513518, 0.008110777
974, 0.009875644, 0.009014475, 0.0035806554, 0.008104412, 0.0057145166, 0.0029082699, 0.008531232
975, 0.0078075672, 0.008957298, 0.0080560045, 0.007632137, 0.006908912, 0.006204167, 0.008682193
976, 0.008933493, 0.008653547, 0.006142889, 0.0033522863, 0.005476293, 0.0075525288, 0.0048172874
977, 0.009814796, 0.00891908, 0.0088714, 0.00191367, 0.0027108174, 0.0047937087, 0.009606254
978, 0.0013699707, 0.0013058042, 0.007055281, 0.008439125, 0.0018486746, 0.004212888, 0.0051089376
979, 0.0065101413, 0.003913436, 0.009454002, 0.00607626, 0.0017521289, 0.0011106207, 0.0011445072
980, 0.008706614, 0.0070040175, 0.0015808325, 0.008588992, 0.0030438586, 0.0061526354, 0.005311817
981, 0.009640338, 0.0017263937, 0.00314816, 0.009692954, 0.0078011374, 0.0046286336, 0.005896709
982, 0.0026428893, 0.0017359635, 0.008444541, 7.542514E-4, 0.008255677, 0.006614977, 0.006768948
983, 0.0036292209, 0.004647135, 0.009023786, 0.0042499765, 5.4692826E-4, 0.0074819373, 0.0010514383
984, 4.65924E-4, 0.003937055, 0.0055233184, 0.0046078796, 0.0053225905, 8.7622943E-4, 0.00647105
985, 0.004024156, 0.007972074, 0.006050879, 0.0023397275, 0.003553103, 0.0055216453, 0.005301263
986, 0.0036781956, 0.0065152077, 0.0061314204, 0.0052657854, 0.0010422887, 0.0045237886, 0.0034920664
987, 8.6539995E-4, 3.0687934E-4, 0.008475587, 0.006128922, 0.0051511144, 0.0056395694, 0.0078073204
988, 0.005496447, 0.0053833085, 2.5717195E-4, 8.95709E-4, 0.001407005, 0.0051197805, 4.474686E-4
989, 0.007417909, 0.0019805718, 0.0045601446, 0.0027625551, 0.0029912882, 0.008007027, 4.2740107E-4
990, 0.007776413, 0.0074758832, 0.0083802715, 0.0022632033, 0.0063481745, 9.498703E-4, 0.0040934836
991, 0.0041715526, 0.005943874, 0.0055578034, 0.0031774251, 0.009766353, 0.0052433168, 0.0071833534
992, 0.0079187555, 0.003361459, 0.0049950075, 0.008212714, 0.00871292, 0.0022875583, 0.0018809245
993, 0.0015318037, 0.0059862346, 0.003628427, 1.4244162E-5, 0.0063398485, 0.0027643833, 0.003639806
994, 0.001616956, 0.008363873, 0.005669613, 0.009647342, 0.0044106273, 6.23091E-4, 0.0013964907
995, 0.002315749, 0.008302412, 0.0060191364, 0.009046169, 8.395369E-4, 0.008059725, 0.00971752
996, 0.00609168, 0.004826375, 0.0018408296, 0.007537669, 0.0072018565, 0.0044273403, 0.007684915
997, 0.006383337, 6.690655E-4, 0.0046140198, 0.0013640675, 0.0041221525, 0.0067660003, 4.106305E-4
998, 0.0093608685, 0.009262491, 0.005999375, 0.007360031, 1.5918682E-4, 0.005277851, 0.0029334272
999, 0.0055356906, 0.0055220365, 4.9332454E-4, 0.0030237222, 0.0060073994, 9.792442E-4, 0.0020757485
